sku,qty,price,group_price:Lista 2,group_price:Lista 3,group_price:Lista 4,group_price:Lista 5,group_price:Lista 6,group_price:Lista 7,use_config_backorders,status
300000002,215.00,5.38,5.81,0.00,0.00,0.00,0.00,0.00,1,1
300000003,-17.00,1766.50,1909.50,0.00,0.00,0.00,0.00,0.00,1,1
300000004,259.00,56.55,61.13,0.00,0.00,0.00,0.00,0.00,1,1
300000005,35.00,1996.00,2115.80,0.00,0.00,0.00,0.00,0.00,1,1
300000006,261.00,123.60,133.60,0.00,0.00,0.00,0.00,0.00,1,1
300000007,-8.00,2384.70,2577.70,0.00,0.00,0.00,0.00,0.00,1,1
300000008,0.00,2645.20,2859.40,0.00,0.00,0.00,0.00,0.00,1,1
300000009,26.00,45.20,48.90,0.00,0.00,0.00,0.00,0.00,1,1
300000010,1096.02,23.00,23.00,0.00,0.00,0.00,0.00,0.00,1,1
300000011,33.00,90.72,98.07,0.00,0.00,0.00,0.00,0.00,1,1
300000013,4.00,3813.82,4122.74,0.00,0.00,0.00,0.00,0.00,1,1
300000015,24.00,51.24,55.44,0.00,0.00,0.00,0.00,0.00,1,1
300000016,1.00,2593.90,2803.90,0.00,0.00,0.00,0.00,0.00,1,1
300000018,3.00,14524.20,15700.00,0.00,0.00,0.00,0.00,0.00,1,1
300000020,28.00,48.10,52.00,0.00,0.00,0.00,0.00,0.00,1,1
300000021,4.00,436.50,462.70,0.00,0.00,0.00,0.00,0.00,1,1
300000022,3.00,3592.55,3883.59,0.00,0.00,0.00,0.00,0.00,1,1
300000023,310.00,8.06,8.70,0.00,0.00,0.00,0.00,0.00,1,1
300000024,53.00,62.00,67.00,0.00,0.00,0.00,0.00,0.00,1,1
300000025,322.00,123.58,133.50,0.00,0.00,0.00,0.00,0.00,1,1
300000026,-4.00,1564.20,1690.90,0.00,0.00,0.00,0.00,0.00,1,1
300000027,30.00,48.80,52.80,0.00,0.00,0.00,0.00,0.00,1,1
300000028,17.00,86.90,93.90,0.00,0.00,0.00,0.00,0.00,1,1
300000029,109.40,150.00,150.00,0.00,0.00,0.00,0.00,0.00,1,1
300000030,10.00,173.10,187.10,0.00,0.00,0.00,0.00,0.00,1,1
300000031,0.00,84.00,90.80,0.00,0.00,0.00,0.00,0.00,1,1
300000032,101.00,380.60,411.40,0.00,0.00,0.00,0.00,0.00,1,1
300000033,3.00,44.80,48.40,0.00,0.00,0.00,0.00,0.00,1,1
300000034,1.00,142.80,153.50,0.00,0.00,0.00,0.00,0.00,1,1
300000035,-5.00,31.90,34.50,0.00,0.00,0.00,0.00,0.00,1,1
300000036,10.00,114.20,123.50,0.00,0.00,0.00,0.00,0.00,1,1
300000038,1200.00,18.70,18.70,0.00,0.00,0.00,0.00,0.00,1,1
300000039,12.00,5677.20,5791.40,0.00,0.00,0.00,0.00,0.00,1,1
300000040,34.00,246.80,251.80,0.00,0.00,0.00,0.00,0.00,1,1
300000041,765.00,308.60,314.80,0.00,0.00,0.00,0.00,0.00,1,1
300000042,9.00,246.80,251.80,0.00,0.00,0.00,0.00,0.00,1,1
300000043,9.00,528.40,528.40,0.00,0.00,0.00,0.00,0.00,1,1
300000044,144.00,55.80,55.80,0.00,0.00,0.00,0.00,0.00,1,1
300000045,33.00,211.60,215.80,0.00,0.00,0.00,0.00,0.00,1,1
300000046,43.00,229.20,233.80,0.00,0.00,0.00,0.00,0.00,1,1
300000047,29.00,11548.40,11780.60,0.00,0.00,0.00,0.00,0.00,1,1
300000048,3.00,2560.15,2611.50,0.00,0.00,0.00,0.00,0.00,1,1
300000049,13.00,3120.85,3183.50,0.00,0.00,0.00,0.00,0.00,1,1
300000050,1.00,528.40,528.40,0.00,0.00,0.00,0.00,0.00,1,1
300000051,7.00,1093.10,1115.10,0.00,0.00,0.00,0.00,0.00,1,1
300000052,10.00,666.40,666.40,0.00,0.00,0.00,0.00,0.00,1,1
300000054,3.00,528.40,528.40,0.00,0.00,0.00,0.00,0.00,1,1
300000055,37.00,698.70,698.70,0.00,0.00,0.00,0.00,0.00,1,1
300000056,28.00,528.40,528.40,0.00,0.00,0.00,0.00,0.00,1,1
300000057,20.00,5042.50,5143.90,0.00,0.00,0.00,0.00,0.00,1,1
300000058,32.00,546.60,557.60,0.00,0.00,0.00,0.00,0.00,1,1
300000059,54.00,73.97,73.97,0.00,0.00,0.00,0.00,0.00,1,1
300000061,1283.00,257.40,262.60,0.00,0.00,0.00,0.00,0.00,1,1
300000062,6.00,3568.80,3568.80,0.00,0.00,0.00,0.00,0.00,1,1
300000063,4.00,727.00,727.00,0.00,0.00,0.00,0.00,0.00,1,1
300000064,66.00,187.50,187.50,0.00,0.00,0.00,0.00,0.00,1,1
300000065,17.00,1963.10,1963.10,0.00,0.00,0.00,0.00,0.00,1,1
300000066,2.00,1031.50,1031.50,0.00,0.00,0.00,0.00,0.00,1,1
300000067,2.00,820.50,820.50,0.00,0.00,0.00,0.00,0.00,1,1
300000068,1746.15,26.00,26.00,0.00,0.00,0.00,0.00,0.00,1,1
300000070,8.00,319.20,345.00,0.00,0.00,0.00,0.00,0.00,1,1
300000071,20.00,6184.22,6539.14,0.00,0.00,0.00,0.00,0.00,1,1
300000072,1116.40,88.00,88.00,0.00,0.00,0.00,0.00,0.00,1,1
300000073,0.00,1996.00,2115.80,0.00,0.00,0.00,0.00,0.00,1,1
300000074,-2.00,3018.00,3199.20,0.00,0.00,0.00,0.00,0.00,1,1
300000075,50.00,67.20,72.60,0.00,0.00,0.00,0.00,0.00,1,1
300000076,2.00,1996.00,2115.80,0.00,0.00,0.00,0.00,0.00,1,1
300000077,10.00,706.54,747.09,0.00,0.00,0.00,0.00,0.00,1,1
300000078,18.00,201.60,217.90,0.00,0.00,0.00,0.00,0.00,1,1
300000079,6.00,67.20,72.60,0.00,0.00,0.00,0.00,0.00,1,1
300000081,2.00,125.10,125.10,0.00,0.00,0.00,0.00,0.00,1,1
300000082,45.00,87.60,87.60,0.00,0.00,0.00,0.00,0.00,1,1
300000083,37.00,149.80,149.80,0.00,0.00,0.00,0.00,0.00,1,1
300000084,15.00,806.10,806.10,0.00,0.00,0.00,0.00,0.00,1,1
300000085,1.00,3630.70,3630.70,0.00,0.00,0.00,0.00,0.00,1,1
300000086,92.00,3834.10,3834.10,0.00,0.00,0.00,0.00,0.00,1,1
300000088,125.00,35.30,35.30,0.00,0.00,0.00,0.00,0.00,1,1
300000089,26.00,8.00,8.60,0.00,0.00,0.00,0.00,0.00,1,1
300000090,23.00,27147.50,27147.50,0.00,0.00,0.00,0.00,0.00,1,1
300000091,23.00,318.50,337.60,0.00,0.00,0.00,0.00,0.00,1,1
300000092,2.00,2688.10,2905.70,0.00,0.00,0.00,0.00,0.00,1,1
300000093,42.00,155.40,156.80,0.00,0.00,0.00,0.00,0.00,1,1
300000094,16.00,4.50,4.90,0.00,0.00,0.00,0.00,0.00,1,1
300000095,6.00,3733.90,3733.90,0.00,0.00,0.00,0.00,0.00,1,1
300000096,10.00,1012.00,1032.40,0.00,0.00,0.00,0.00,0.00,1,1
300000097,489.70,37.10,37.10,0.00,0.00,0.00,0.00,0.00,1,1
300000098,2.00,3479.80,3761.60,0.00,0.00,0.00,0.00,0.00,1,1
300000099,0.00,30595.70,33072.50,0.00,0.00,0.00,0.00,0.00,1,1
300000100,14.00,43.30,46.90,0.00,0.00,0.00,0.00,0.00,1,1
300000101,3.00,698.70,698.70,0.00,0.00,0.00,0.00,0.00,1,1
300000104,3.00,1996.00,2115.80,0.00,0.00,0.00,0.00,0.00,1,1
300000106,0.00,6135.70,6632.40,0.00,0.00,0.00,0.00,0.00,1,1
300000107,0.00,330.00,349.80,0.00,0.00,0.00,0.00,0.00,1,1
300000108,6.00,1966.56,1966.56,0.00,0.00,0.00,0.00,0.00,1,1
300000109,25.00,90.70,98.10,0.00,0.00,0.00,0.00,0.00,1,1
300000110,0.00,18594.60,19710.80,0.00,0.00,0.00,0.00,0.00,1,1
300000111,23.00,3937.90,4256.90,0.00,0.00,0.00,0.00,0.00,1,1
300000112,39.00,57.90,62.60,0.00,0.00,0.00,0.00,0.00,1,1
300000113,0.00,13126.11,13914.10,0.00,0.00,0.00,0.00,0.00,1,1
300000114,125.00,295.50,319.40,0.00,0.00,0.00,0.00,0.00,1,1
300000116,31.00,6184.22,6539.14,0.00,0.00,0.00,0.00,0.00,1,1
300000117,341.28,93.00,93.00,0.00,0.00,0.00,0.00,0.00,1,1
300000118,2.00,33383.40,33383.40,0.00,0.00,0.00,0.00,0.00,1,1
300000120,0.00,3.80,5.10,0.00,0.00,0.00,0.00,0.00,1,1
300000122,8.00,419.20,444.30,0.00,0.00,0.00,0.00,0.00,1,1
300000123,21.00,1996.00,2115.80,0.00,0.00,0.00,0.00,0.00,1,1
300000124,2.00,1094.60,1160.30,0.00,0.00,0.00,0.00,0.00,1,1
300000125,33.00,3297.00,3363.30,0.00,0.00,0.00,0.00,0.00,1,1
300000126,1.00,147.70,147.70,0.00,0.00,0.00,0.00,0.00,1,1
300000127,110.00,380.60,411.40,0.00,0.00,0.00,0.00,0.00,1,1
300000128,0.00,311.20,336.40,0.00,0.00,0.00,0.00,0.00,1,1
300000130,5.00,5440.50,5767.10,0.00,0.00,0.00,0.00,0.00,1,1
300000131,41.00,45.80,49.50,0.00,0.00,0.00,0.00,0.00,1,1
300000132,10.00,53.20,58.40,0.00,0.00,0.00,0.00,0.00,1,1
300000133,0.00,2591.89,2643.90,0.00,0.00,0.00,0.00,0.00,1,1
300000135,-82.16,68.50,68.50,0.00,0.00,0.00,0.00,0.00,1,1
300000137,103.30,259.20,280.20,0.00,0.00,0.00,0.00,0.00,1,1
300000138,-3.00,1142.10,1210.70,0.00,0.00,0.00,0.00,0.00,1,1
300000139,1.00,290.30,307.70,0.00,0.00,0.00,0.00,0.00,1,1
300000140,364.00,302.70,302.70,0.00,0.00,0.00,0.00,0.00,1,1
300000141,15.00,14.00,14.80,0.00,0.00,0.00,0.00,0.00,1,1
300000142,2.00,6135.70,6632.40,0.00,0.00,0.00,0.00,0.00,1,1
300000143,2.00,5387.40,5387.40,0.00,0.00,0.00,0.00,0.00,1,1
300000147,7.00,130.30,140.90,0.00,0.00,0.00,0.00,0.00,1,1
300000153,24.00,172.10,186.10,0.00,0.00,0.00,0.00,0.00,1,1
300000154,30.00,32.80,34.80,0.00,0.00,0.00,0.00,0.00,1,1
300000155,1.00,1139.30,1207.70,0.00,0.00,0.00,0.00,0.00,1,1
300000158,10.00,1795.79,1898.86,0.00,0.00,0.00,0.00,0.00,1,1
300000159,9.00,73.90,79.90,0.00,0.00,0.00,0.00,0.00,1,1
300000160,-1133.00,64.90,64.90,0.00,0.00,0.00,0.00,0.00,1,1
300000162,9.00,22.50,24.30,0.00,0.00,0.00,0.00,0.00,1,1
300000164,29.00,144.84,156.57,0.00,0.00,0.00,0.00,0.00,1,1
300000165,23.00,2768.10,2823.70,0.00,0.00,0.00,0.00,0.00,1,1
300000166,49.00,516.07,545.69,0.00,0.00,0.00,0.00,0.00,1,1
300000167,3.00,772.80,835.40,0.00,0.00,0.00,0.00,0.00,1,1
300000169,1.00,92020.20,98885.60,0.00,0.00,0.00,0.00,0.00,1,1
300000170,3.00,1031.00,1092.90,0.00,0.00,0.00,0.00,0.00,1,1
300000171,3.00,35.90,38.80,0.00,0.00,0.00,0.00,0.00,1,1
300000172,18.00,48.40,52.30,0.00,0.00,0.00,0.00,0.00,1,1
300000173,2.00,13553.30,13553.30,0.00,0.00,0.00,0.00,0.00,1,1
300000174,2.00,63.80,67.60,0.00,0.00,0.00,0.00,0.00,1,1
300000176,45.00,13.90,15.00,0.00,0.00,0.00,0.00,0.00,1,1
300000179,0.00,233.86,252.80,0.00,0.00,0.00,0.00,0.00,1,1
300000180,35.00,264.00,285.40,0.00,0.00,0.00,0.00,0.00,1,1
300000182,10.00,526.84,537.40,0.00,0.00,0.00,0.00,0.00,1,1
300000183,0.00,526.84,537.40,0.00,0.00,0.00,0.00,0.00,1,1
300000185,2425.00,35.30,35.30,0.00,0.00,0.00,0.00,0.00,1,1
300000186,14.00,55.40,59.90,0.00,0.00,0.00,0.00,0.00,1,1
300000187,1.00,47.00,50.80,0.00,0.00,0.00,0.00,0.00,1,1
300000188,1.00,147.70,147.70,0.00,0.00,0.00,0.00,0.00,1,1
300000189,38.00,11.40,12.30,0.00,0.00,0.00,0.00,0.00,1,1
300000190,8.00,216.80,234.30,0.00,0.00,0.00,0.00,0.00,1,1
300000191,3.00,4751.60,5136.50,0.00,0.00,0.00,0.00,0.00,1,1
300000194,10.00,1436.80,1436.80,0.00,0.00,0.00,0.00,0.00,1,1
300000195,17.00,15.00,16.20,0.00,0.00,0.00,0.00,0.00,1,1
300000196,330.10,174.70,174.70,0.00,0.00,0.00,0.00,0.00,1,1
300000197,0.00,267.80,289.50,0.00,0.00,0.00,0.00,0.00,1,1
300000198,7.00,2065.30,2065.30,0.00,0.00,0.00,0.00,0.00,1,1
300000199,2.00,132659.40,132659.40,0.00,0.00,0.00,0.00,0.00,1,1
300000200,2.00,122822.30,122822.30,0.00,0.00,0.00,0.00,0.00,1,1
300000201,487.68,80.85,80.85,0.00,0.00,0.00,0.00,0.00,1,1
300000202,3.00,233.90,252.80,0.00,0.00,0.00,0.00,0.00,1,1
300000203,75.00,17.50,17.50,0.00,0.00,0.00,0.00,0.00,1,1
300000207,563.00,308.60,314.80,0.00,0.00,0.00,0.00,0.00,1,1
300000208,1.00,3528.10,3813.70,0.00,0.00,0.00,0.00,0.00,1,1
300000209,3.00,177.80,192.20,0.00,0.00,0.00,0.00,0.00,1,1
300000211,4.00,231253.40,231253.40,0.00,0.00,0.00,0.00,0.00,1,1
300000212,19.00,101.20,109.40,0.00,0.00,0.00,0.00,0.00,1,1
300000213,63.02,60.90,60.90,0.00,0.00,0.00,0.00,0.00,1,1
300000219,3.00,78460.40,78460.40,0.00,0.00,0.00,0.00,0.00,1,1
300000220,0.00,528.40,528.40,0.00,0.00,0.00,0.00,0.00,1,1
300000221,0.00,3520.50,3731.80,0.00,0.00,0.00,0.00,0.00,1,1
300000222,33.00,115.30,124.60,0.00,0.00,0.00,0.00,0.00,1,1
300000226,-1143.00,19.10,19.10,0.00,0.00,0.00,0.00,0.00,1,1
300000227,3.00,4657.50,5034.57,0.00,0.00,0.00,0.00,0.00,1,1
300000230,28.00,36.90,39.90,0.00,0.00,0.00,0.00,0.00,1,1
300000231,10.00,112.80,122.00,0.00,0.00,0.00,0.00,0.00,1,1
300000232,15.00,66.90,72.40,0.00,0.00,0.00,0.00,0.00,1,1
300000235,6.00,3018.00,3199.20,0.00,0.00,0.00,0.00,0.00,1,1
300000241,1.00,637.00,637.00,0.00,0.00,0.00,0.00,0.00,1,1
300000242,2.00,1853.80,1853.80,0.00,0.00,0.00,0.00,0.00,1,1
300000243,0.00,416.70,416.70,0.00,0.00,0.00,0.00,0.00,1,1
300000244,2.00,655.20,708.30,0.00,0.00,0.00,0.00,0.00,1,1
300000246,1.00,600.60,600.60,0.00,0.00,0.00,0.00,0.00,1,1
300000247,1.00,509.60,509.60,0.00,0.00,0.00,0.00,0.00,1,1
300000248,9.00,3300.50,3366.90,0.00,0.00,0.00,0.00,0.00,1,1
300000249,8.00,94.00,94.00,0.00,0.00,0.00,0.00,0.00,1,1
300000250,1.00,2567.10,2618.70,0.00,0.00,0.00,0.00,0.00,1,1
300000251,10.00,1492.80,1492.80,0.00,0.00,0.00,0.00,0.00,1,1
300000253,3.00,5973.40,6093.50,0.00,0.00,0.00,0.00,0.00,1,1
300000254,1.00,698.70,698.70,0.00,0.00,0.00,0.00,0.00,1,1
300000256,8.00,3018.50,3018.50,0.00,0.00,0.00,0.00,0.00,1,1
300000257,12.00,3385.20,3453.20,0.00,0.00,0.00,0.00,0.00,1,1
300000258,-1.00,90848.90,90848.90,0.00,0.00,0.00,0.00,0.00,1,1
300000259,1.00,8873.90,8873.90,0.00,0.00,0.00,0.00,0.00,1,1
300000261,4.00,249006.60,249006.60,0.00,0.00,0.00,0.00,0.00,1,1
300000262,1.00,25337.20,25337.20,0.00,0.00,0.00,0.00,0.00,1,1
300000263,1.00,543.00,554.00,0.00,0.00,0.00,0.00,0.00,1,1
300000264,15.00,528.40,528.40,0.00,0.00,0.00,0.00,0.00,1,1
300000265,14.00,220.60,220.60,0.00,0.00,0.00,0.00,0.00,1,1
300000266,2.00,783.90,783.90,0.00,0.00,0.00,0.00,0.00,1,1
300000267,3.00,5763.10,5763.10,0.00,0.00,0.00,0.00,0.00,1,1
300000268,60.00,832.20,848.90,0.00,0.00,0.00,0.00,0.00,1,1
300000269,7.00,1257.10,1257.10,0.00,0.00,0.00,0.00,0.00,1,1
300000270,1.00,376.10,376.10,0.00,0.00,0.00,0.00,0.00,1,1
300000271,9.00,3125.60,3125.60,0.00,0.00,0.00,0.00,0.00,1,1
300000273,8.00,893.59,893.40,0.00,0.00,0.00,0.00,0.00,1,1
300000274,1.00,6641.00,6641.00,0.00,0.00,0.00,0.00,0.00,1,1
300000275,0.00,173.80,173.80,0.00,0.00,0.00,0.00,0.00,1,1
300000276,25.00,111.90,111.90,0.00,0.00,0.00,0.00,0.00,1,1
300000277,6.00,58.50,58.50,0.00,0.00,0.00,0.00,0.00,1,1
300000278,9.00,3214.00,3214.00,0.00,0.00,0.00,0.00,0.00,1,1
300000280,1.00,552.90,552.90,0.00,0.00,0.00,0.00,0.00,1,1
300000281,0.00,55.20,55.20,0.00,0.00,0.00,0.00,0.00,1,1
300000282,1.00,465.90,465.90,0.00,0.00,0.00,0.00,0.00,1,1
300000283,4.00,579.10,579.10,0.00,0.00,0.00,0.00,0.00,1,1
300000284,3.00,504.20,504.20,0.00,0.00,0.00,0.00,0.00,1,1
300000285,4.00,698.70,698.70,0.00,0.00,0.00,0.00,0.00,1,1
300000286,18.00,647.50,647.50,0.00,0.00,0.00,0.00,0.00,1,1
300000287,6.00,1853.80,1853.80,0.00,0.00,0.00,0.00,0.00,1,1
300000288,55.00,528.40,528.40,0.00,0.00,0.00,0.00,0.00,1,1
300000289,8.00,1382.30,1410.10,0.00,0.00,0.00,0.00,0.00,1,1
300000290,0.00,177.60,177.60,0.00,0.00,0.00,0.00,0.00,1,1
300000291,4.00,112.00,112.00,0.00,0.00,0.00,0.00,0.00,1,1
300000292,134.00,64.40,64.40,0.00,0.00,0.00,0.00,0.00,1,1
300000294,51.00,531.00,531.00,0.00,0.00,0.00,0.00,0.00,1,1
300000295,22.00,528.40,528.40,0.00,0.00,0.00,0.00,0.00,1,1
300000296,23.00,229.20,233.80,0.00,0.00,0.00,0.00,0.00,1,1
300000297,0.00,1332.90,1359.70,0.00,0.00,0.00,0.00,0.00,1,1
300000298,199.00,1653.30,1653.30,0.00,0.00,0.00,0.00,0.00,1,1
300000299,77.00,1771.90,1771.90,0.00,0.00,0.00,0.00,0.00,1,1
300000301,31.00,1360.20,1360.20,0.00,0.00,0.00,0.00,0.00,1,1
300000302,5.00,2979.70,3039.60,0.00,0.00,0.00,0.00,0.00,1,1
300000303,7.00,247.50,247.50,0.00,0.00,0.00,0.00,0.00,1,1
300000305,25.00,246.80,251.80,0.00,0.00,0.00,0.00,0.00,1,1
300000306,9.00,528.40,528.40,0.00,0.00,0.00,0.00,0.00,1,1
300000307,6.00,528.40,528.40,0.00,0.00,0.00,0.00,0.00,1,1
300000308,8.00,528.40,528.40,0.00,0.00,0.00,0.00,0.00,1,1
300000309,14.00,317.37,323.72,0.00,0.00,0.00,0.00,0.00,1,1
300000310,9.00,325.40,325.40,0.00,0.00,0.00,0.00,0.00,1,1
300000311,19.00,528.40,528.40,0.00,0.00,0.00,0.00,0.00,1,1
300000312,3.00,232.00,232.00,0.00,0.00,0.00,0.00,0.00,1,1
300000313,12.00,528.40,528.40,0.00,0.00,0.00,0.00,0.00,1,1
300000314,3.00,100.50,100.50,0.00,0.00,0.00,0.00,0.00,1,1
300000315,19.00,132.10,132.10,0.00,0.00,0.00,0.00,0.00,1,1
300000316,1.00,188.00,188.00,0.00,0.00,0.00,0.00,0.00,1,1
300000317,10.00,528.40,528.40,0.00,0.00,0.00,0.00,0.00,1,1
300000318,11.00,54.40,54.40,0.00,0.00,0.00,0.00,0.00,1,1
300000319,2.00,2999.20,2999.20,0.00,0.00,0.00,0.00,0.00,1,1
300000320,2.00,151.90,151.90,0.00,0.00,0.00,0.00,0.00,1,1
300000321,1.00,1313.10,1313.10,0.00,0.00,0.00,0.00,0.00,1,1
300000323,19.00,528.40,528.40,0.00,0.00,0.00,0.00,0.00,1,1
300000324,0.00,528.40,528.40,0.00,0.00,0.00,0.00,0.00,1,1
300000325,7.00,1167.60,1167.60,0.00,0.00,0.00,0.00,0.00,1,1
300000326,10.00,5578.20,5578.20,0.00,0.00,0.00,0.00,0.00,1,1
300000327,35.00,528.40,528.40,0.00,0.00,0.00,0.00,0.00,1,1
300000328,27.00,4037.50,4118.70,0.00,0.00,0.00,0.00,0.00,1,1
300000329,28.00,528.40,528.40,0.00,0.00,0.00,0.00,0.00,1,1
300000330,3.00,2200.40,2244.60,0.00,0.00,0.00,0.00,0.00,1,1
300000331,7.00,2450.70,2500.00,0.00,0.00,0.00,0.00,0.00,1,1
300000332,8.00,246.80,251.80,0.00,0.00,0.00,0.00,0.00,1,1
300000333,12.00,1879.50,1917.30,0.00,0.00,0.00,0.00,0.00,1,1
300000334,11.00,16938.20,17278.80,0.00,0.00,0.00,0.00,0.00,1,1
300000335,1.00,2803.30,2859.70,0.00,0.00,0.00,0.00,0.00,1,1
300000336,2.00,1754.20,1754.20,0.00,0.00,0.00,0.00,0.00,1,1
300000337,2.00,1077.30,1098.90,0.00,0.00,0.00,0.00,0.00,1,1
300000338,3.00,1093.10,1115.10,0.00,0.00,0.00,0.00,0.00,1,1
300000339,5.00,1053.60,1074.80,0.00,0.00,0.00,0.00,0.00,1,1
300000340,9.00,10490.50,10701.40,0.00,0.00,0.00,0.00,0.00,1,1
300000341,1.00,787.80,787.80,0.00,0.00,0.00,0.00,0.00,1,1
300000342,5.00,8984.80,9165.50,0.00,0.00,0.00,0.00,0.00,1,1
300000343,7.00,1431.60,1460.40,0.00,0.00,0.00,0.00,0.00,1,1
300000344,5.00,4704.10,4704.10,0.00,0.00,0.00,0.00,0.00,1,1
300000345,3.00,106.30,106.30,0.00,0.00,0.00,0.00,0.00,1,1
300000347,1.00,106.30,106.30,0.00,0.00,0.00,0.00,0.00,1,1
300000348,9.00,170.60,170.60,0.00,0.00,0.00,0.00,0.00,1,1
300000349,0.00,927.50,927.50,0.00,0.00,0.00,0.00,0.00,1,1
300000350,14.00,528.40,528.40,0.00,0.00,0.00,0.00,0.00,1,1
300000354,1.00,4262.10,4262.10,0.00,0.00,0.00,0.00,0.00,1,1
300000355,94.00,2912.70,2971.20,0.00,0.00,0.00,0.00,0.00,1,1
300000356,39.00,528.40,528.40,0.00,0.00,0.00,0.00,0.00,1,1
300000357,36.00,528.40,528.40,0.00,0.00,0.00,0.00,0.00,1,1
300000358,90.00,3110.10,3172.70,0.00,0.00,0.00,0.00,0.00,1,1
300000359,22.00,528.40,528.40,0.00,0.00,0.00,0.00,0.00,1,1
300000360,1.00,326.80,326.80,0.00,0.00,0.00,0.00,0.00,1,1
300000361,8.00,239.20,239.20,0.00,0.00,0.00,0.00,0.00,1,1
300000362,13.00,1629.10,1661.90,0.00,0.00,0.00,0.00,0.00,1,1
300000363,16.00,4640.50,4733.80,0.00,0.00,0.00,0.00,0.00,1,1
300000364,2.00,3900.00,3978.40,0.00,0.00,0.00,0.00,0.00,1,1
300000365,16.00,4566.50,4658.30,0.00,0.00,0.00,0.00,0.00,1,1
300000366,64.00,123.40,125.90,0.00,0.00,0.00,0.00,0.00,1,1
300000367,7.00,4390.10,4478.40,0.00,0.00,0.00,0.00,0.00,1,1
300000368,25.00,2912.70,2971.20,0.00,0.00,0.00,0.00,0.00,1,1
300000369,3.00,364.30,364.30,0.00,0.00,0.00,0.00,0.00,1,1
300000370,13.00,528.40,528.40,0.00,0.00,0.00,0.00,0.00,1,1
300000371,15.00,39.50,40.30,0.00,0.00,0.00,0.00,0.00,1,1
300000372,0.00,2961.80,2961.80,0.00,0.00,0.00,0.00,0.00,1,1
300000374,21.00,528.40,528.40,0.00,0.00,0.00,0.00,0.00,1,1
300000375,2.00,99.60,99.60,0.00,0.00,0.00,0.00,0.00,1,1
300000376,15.00,45.10,45.10,0.00,0.00,0.00,0.00,0.00,1,1
300000378,7.00,1254.00,1254.00,0.00,0.00,0.00,0.00,0.00,1,1
300000379,9.00,698.70,698.70,0.00,0.00,0.00,0.00,0.00,1,1
300000380,0.00,138.30,138.30,0.00,0.00,0.00,0.00,0.00,1,1
300000381,2.00,528.40,528.40,0.00,0.00,0.00,0.00,0.00,1,1
300000382,7.00,617.10,629.50,0.00,0.00,0.00,0.00,0.00,1,1
300000383,3.00,2363.20,2363.20,0.00,0.00,0.00,0.00,0.00,1,1
300000385,3.00,1093.20,1115.10,0.00,0.00,0.00,0.00,0.00,1,1
300000386,23.00,528.40,528.40,0.00,0.00,0.00,0.00,0.00,1,1
300000387,19.00,317.40,323.70,0.00,0.00,0.00,0.00,0.00,1,1
300000389,1.00,3900.00,3978.40,0.00,0.00,0.00,0.00,0.00,1,1
300000390,5.00,478.90,488.50,0.00,0.00,0.00,0.00,0.00,1,1
300000391,1.00,469.00,478.40,0.00,0.00,0.00,0.00,0.00,1,1
300000392,6.00,528.40,528.40,0.00,0.00,0.00,0.00,0.00,1,1
300000393,2.00,698.70,698.70,0.00,0.00,0.00,0.00,0.00,1,1
300000395,3.00,6467.10,6597.10,0.00,0.00,0.00,0.00,0.00,1,1
300000396,15.00,828.70,845.30,0.00,0.00,0.00,0.00,0.00,1,1
300000397,7.00,528.40,528.40,0.00,0.00,0.00,0.00,0.00,1,1
300000398,6.00,5077.80,5179.90,0.00,0.00,0.00,0.00,0.00,1,1
300000399,1.00,2766.60,2766.60,0.00,0.00,0.00,0.00,0.00,1,1
300000400,1.00,3297.00,3363.30,0.00,0.00,0.00,0.00,0.00,1,1
300000401,8.00,1971.20,2010.80,0.00,0.00,0.00,0.00,0.00,1,1
300000402,2.00,6611.70,6744.60,0.00,0.00,0.00,0.00,0.00,1,1
300000403,6.00,528.40,528.40,0.00,0.00,0.00,0.00,0.00,1,1
300000405,0.00,698.70,698.70,0.00,0.00,0.00,0.00,0.00,1,1
300000406,1.00,106.30,106.30,0.00,0.00,0.00,0.00,0.00,1,1
300000407,0.00,829.40,829.40,0.00,0.00,0.00,0.00,0.00,1,1
300000408,4.00,528.40,528.40,0.00,0.00,0.00,0.00,0.00,1,1
300000409,17.00,1002.50,1002.50,0.00,0.00,0.00,0.00,0.00,1,1
300000410,10.00,2962.00,3021.60,0.00,0.00,0.00,0.00,0.00,1,1
300000411,2.00,14513.90,14805.80,0.00,0.00,0.00,0.00,0.00,1,1
300000412,0.00,698.70,698.70,0.00,0.00,0.00,0.00,0.00,1,1
300000413,2.00,4566.50,4658.30,0.00,0.00,0.00,0.00,0.00,1,1
300000414,10.00,105.30,105.30,0.00,0.00,0.00,0.00,0.00,1,1
300000415,2.00,194.90,194.90,0.00,0.00,0.00,0.00,0.00,1,1
300000417,0.00,6521.60,6521.60,0.00,0.00,0.00,0.00,0.00,1,1
300000418,24.00,62.10,62.10,0.00,0.00,0.00,0.00,0.00,1,1
300000419,10.00,106.30,106.30,0.00,0.00,0.00,0.00,0.00,1,1
300000420,2.00,2137.80,2137.80,0.00,0.00,0.00,0.00,0.00,1,1
300000421,2.00,528.40,528.40,0.00,0.00,0.00,0.00,0.00,1,1
300000422,6.00,105.30,105.30,0.00,0.00,0.00,0.00,0.00,1,1
300000424,0.00,226.70,226.70,0.00,0.00,0.00,0.00,0.00,1,1
300000425,0.00,1207.90,1207.90,0.00,0.00,0.00,0.00,0.00,1,1
300000426,6.00,2173.80,2173.80,0.00,0.00,0.00,0.00,0.00,1,1
300000427,4.00,1868.90,1906.50,0.00,0.00,0.00,0.00,0.00,1,1
300000428,24.00,528.40,528.40,0.00,0.00,0.00,0.00,0.00,1,1
300000429,5.00,1093.10,1115.10,0.00,0.00,0.00,0.00,0.00,1,1
300000430,2.00,2701.40,2701.40,0.00,0.00,0.00,0.00,0.00,1,1
300000431,2.00,355.40,362.60,0.00,0.00,0.00,0.00,0.00,1,1
300000432,13.00,528.40,528.40,0.00,0.00,0.00,0.00,0.00,1,1
300000433,1.00,1508.00,1508.00,0.00,0.00,0.00,0.00,0.00,1,1
300000434,4.00,698.70,698.70,0.00,0.00,0.00,0.00,0.00,1,1
300000435,0.00,528.40,528.40,0.00,0.00,0.00,0.00,0.00,1,1
300000436,6.00,528.40,528.40,0.00,0.00,0.00,0.00,0.00,1,1
300000437,3.00,19623.40,20018.00,0.00,0.00,0.00,0.00,0.00,1,1
300000438,1.00,12.90,12.90,0.00,0.00,0.00,0.00,0.00,1,1
300000439,2.00,592.40,604.30,0.00,0.00,0.00,0.00,0.00,1,1
300000440,10.00,2172.20,2215.80,0.00,0.00,0.00,0.00,0.00,1,1
300000441,3.00,863.90,881.30,0.00,0.00,0.00,0.00,0.00,1,1
300000442,0.00,618.20,618.20,0.00,0.00,0.00,0.00,0.00,1,1
300000443,0.00,492.90,492.90,0.00,0.00,0.00,0.00,0.00,1,1
300000444,0.00,30.70,30.70,0.00,0.00,0.00,0.00,0.00,1,1
300000445,7.00,27.10,27.10,0.00,0.00,0.00,0.00,0.00,1,1
300000446,6.00,35.10,35.10,0.00,0.00,0.00,0.00,0.00,1,1
300000447,1.00,42110.10,42956.80,0.00,0.00,0.00,0.00,0.00,1,1
300000448,2.00,925.60,944.30,0.00,0.00,0.00,0.00,0.00,1,1
300000450,6.00,1184.90,1208.60,0.00,0.00,0.00,0.00,0.00,1,1
300000451,7.00,14623.20,14917.30,0.00,0.00,0.00,0.00,0.00,1,1
300000452,4.00,2320.30,2366.90,0.00,0.00,0.00,0.00,0.00,1,1
300000453,7.00,289.40,289.40,0.00,0.00,0.00,0.00,0.00,1,1
300000454,14.00,414.70,423.00,0.00,0.00,0.00,0.00,0.00,1,1
300000457,5.00,2235.00,2235.00,0.00,0.00,0.00,0.00,0.00,1,1
300000458,2.00,698.70,698.70,0.00,0.00,0.00,0.00,0.00,1,1
300000460,1.00,6314.20,6314.20,0.00,0.00,0.00,0.00,0.00,1,1
300000463,5.00,2976.70,2976.70,0.00,0.00,0.00,0.00,0.00,1,1
300000464,0.00,32.10,32.70,0.00,0.00,0.00,0.00,0.00,1,1
300000465,1.00,881.40,881.40,0.00,0.00,0.00,0.00,0.00,1,1
300000466,3.00,592.40,604.30,0.00,0.00,0.00,0.00,0.00,1,1
300000468,4.00,528.40,528.40,0.00,0.00,0.00,0.00,0.00,1,1
300000469,17.00,89.90,89.90,0.00,0.00,0.00,0.00,0.00,1,1
300000470,1.00,6022.80,6143.90,0.00,0.00,0.00,0.00,0.00,1,1
300000471,1.00,6022.80,6143.90,0.00,0.00,0.00,0.00,0.00,1,1
300000472,16.00,62.20,62.20,0.00,0.00,0.00,0.00,0.00,1,1
300000473,7.00,528.40,528.40,0.00,0.00,0.00,0.00,0.00,1,1
300000475,2.00,52888.40,52888.40,0.00,0.00,0.00,0.00,0.00,1,1
300000477,3.00,106.30,106.30,0.00,0.00,0.00,0.00,0.00,1,1
300000478,12.00,246.80,251.80,0.00,0.00,0.00,0.00,0.00,1,1
300000481,24.00,335.00,341.70,0.00,0.00,0.00,0.00,0.00,1,1
300000483,7.00,703.50,717.60,0.00,0.00,0.00,0.00,0.00,1,1
300000484,0.00,9675.90,9870.50,0.00,0.00,0.00,0.00,0.00,1,1
300000485,1.00,2172.20,2215.80,0.00,0.00,0.00,0.00,0.00,1,1
300000488,2.00,528.40,528.40,0.00,0.00,0.00,0.00,0.00,1,1
300000489,1.00,4570.00,4661.90,0.00,0.00,0.00,0.00,0.00,1,1
300000490,3.00,2369.70,2417.30,0.00,0.00,0.00,0.00,0.00,1,1
300000493,9.00,106.30,106.30,0.00,0.00,0.00,0.00,0.00,1,1
300000494,0.00,528.40,528.40,0.00,0.00,0.00,0.00,0.00,1,1
300000495,2.00,40876.00,41697.80,0.00,0.00,0.00,0.00,0.00,1,1
300000496,2.00,16093.70,16417.30,0.00,0.00,0.00,0.00,0.00,1,1
300000497,3.00,3125.50,3125.50,0.00,0.00,0.00,0.00,0.00,1,1
300000498,6.00,528.40,528.40,0.00,0.00,0.00,0.00,0.00,1,1
300000500,1.00,111620.60,111620.60,0.00,0.00,0.00,0.00,0.00,1,1
300000501,2.00,698.70,698.70,0.00,0.00,0.00,0.00,0.00,1,1
300000502,6.00,5282.40,5599.50,0.00,0.00,0.00,0.00,0.00,1,1
300000505,20.00,55.80,55.80,0.00,0.00,0.00,0.00,0.00,1,1
300000506,2.00,698.70,698.70,0.00,0.00,0.00,0.00,0.00,1,1
300000507,16.00,1419.70,1419.70,0.00,0.00,0.00,0.00,0.00,1,1
300000510,1.00,26159.20,28276.80,0.00,0.00,0.00,0.00,0.00,1,1
300000512,0.00,263.40,159.70,0.00,0.00,0.00,0.00,0.00,1,1
300000513,13.00,26.60,28.70,0.00,0.00,0.00,0.00,0.00,1,1
300000514,2.00,734.00,734.00,0.00,0.00,0.00,0.00,0.00,1,1
300000515,62.00,148.10,151.10,0.00,0.00,0.00,0.00,0.00,1,1
300000517,3.00,7968.50,7968.50,0.00,0.00,0.00,0.00,0.00,1,1
300000518,0.00,698.70,698.70,0.00,0.00,0.00,0.00,0.00,1,1
300000519,0.00,15340.90,15340.90,0.00,0.00,0.00,0.00,0.00,1,1
300000520,8.00,6368.40,6496.40,0.00,0.00,0.00,0.00,0.00,1,1
300000521,1.00,604.80,604.80,0.00,0.00,0.00,0.00,0.00,1,1
300000523,6.00,528.40,528.40,0.00,0.00,0.00,0.00,0.00,1,1
300000524,0.00,2049.60,2049.60,0.00,0.00,0.00,0.00,0.00,1,1
300000525,0.00,3006.60,3006.60,0.00,0.00,0.00,0.00,0.00,1,1
300000526,1.00,6314.20,6314.20,0.00,0.00,0.00,0.00,0.00,1,1
300000527,229.00,50.50,50.50,0.00,0.00,0.00,0.00,0.00,1,1
300000528,13.00,789.90,805.80,0.00,0.00,0.00,0.00,0.00,1,1
300000529,9.00,528.40,528.40,0.00,0.00,0.00,0.00,0.00,1,1
300000530,48.00,528.40,528.40,0.00,0.00,0.00,0.00,0.00,1,1
300000532,12.00,1110.80,1133.10,0.00,0.00,0.00,0.00,0.00,1,1
300000534,17.00,1764.70,1764.70,0.00,0.00,0.00,0.00,0.00,1,1
300000536,6.00,4392.90,4392.90,0.00,0.00,0.00,0.00,0.00,1,1
300000537,2.00,2624.10,2624.10,0.00,0.00,0.00,0.00,0.00,1,1
300000538,9.00,1101.20,1101.20,0.00,0.00,0.00,0.00,0.00,1,1
300000539,4.00,528.40,528.40,0.00,0.00,0.00,0.00,0.00,1,1
300000540,4.00,280.70,280.70,0.00,0.00,0.00,0.00,0.00,1,1
300000541,17.00,7.00,7.50,0.00,0.00,0.00,0.00,0.00,1,1
300000542,6.00,105.30,105.30,0.00,0.00,0.00,0.00,0.00,1,1
300000543,29.00,685.70,685.70,0.00,0.00,0.00,0.00,0.00,1,1
300000544,3.00,603.60,603.60,0.00,0.00,0.00,0.00,0.00,1,1
300000546,1.00,3560.40,3560.40,0.00,0.00,0.00,0.00,0.00,1,1
300000547,2.00,533.80,533.80,0.00,0.00,0.00,0.00,0.00,1,1
300000548,11.00,220.60,220.60,0.00,0.00,0.00,0.00,0.00,1,1
300000554,14.00,0.00,669.10,0.00,0.00,0.00,0.00,0.00,1,1
300000555,1.00,0.00,1359.70,0.00,0.00,0.00,0.00,0.00,1,1
300000556,2.00,5536.20,5647.50,0.00,0.00,0.00,0.00,0.00,1,1
300000560,1.00,6516.80,6647.50,0.00,0.00,0.00,0.00,0.00,1,1
300000563,1.00,5893.20,6246.90,0.00,0.00,0.00,0.00,0.00,1,1
300000565,19.00,55.60,55.60,0.00,0.00,0.00,0.00,0.00,1,1
300000566,3.00,528.40,528.40,0.00,0.00,0.00,0.00,0.00,1,1
300000569,1.00,1036.70,1057.60,0.00,0.00,0.00,0.00,0.00,1,1
300000571,6.00,2191.90,2236.00,0.00,0.00,0.00,0.00,0.00,1,1
300000573,0.00,613.20,613.20,0.00,0.00,0.00,0.00,0.00,1,1
300000574,10.00,429.50,438.10,0.00,0.00,0.00,0.00,0.00,1,1
300000579,0.00,4713.70,4713.70,0.00,0.00,0.00,0.00,0.00,1,1
300000581,-228.60,16.90,16.90,0.00,0.00,0.00,0.00,0.00,1,1
300000582,26.00,1012.00,1032.40,0.00,0.00,0.00,0.00,0.00,1,1
300000583,20.00,148.10,151.10,0.00,0.00,0.00,0.00,0.00,1,1
300000585,1.00,1135.40,1158.30,0.00,0.00,0.00,0.00,0.00,1,1
300000586,11.00,4390.10,4478.40,0.00,0.00,0.00,0.00,0.00,1,1
300000587,2.00,3409.70,3409.70,0.00,0.00,0.00,0.00,0.00,1,1
300000590,3.00,3814.70,3814.70,0.00,0.00,0.00,0.00,0.00,1,1
300000591,1.00,21324.80,21324.80,0.00,0.00,0.00,0.00,0.00,1,1
300000592,24.00,242.50,242.50,0.00,0.00,0.00,0.00,0.00,1,1
300000593,1.00,10894.70,10894.70,0.00,0.00,0.00,0.00,0.00,1,1
300000596,3.00,4193.60,4193.60,0.00,0.00,0.00,0.00,0.00,1,1
300000597,1.00,618.60,618.60,0.00,0.00,0.00,0.00,0.00,1,1
300000598,2.00,11401.40,11401.40,0.00,0.00,0.00,0.00,0.00,1,1
300000600,18.00,35.30,38.20,0.00,0.00,0.00,0.00,0.00,1,1
300000601,12.00,246.80,251.80,0.00,0.00,0.00,0.00,0.00,1,1
300000602,21.00,5095.40,5197.80,0.00,0.00,0.00,0.00,0.00,1,1
300000603,14.00,11.30,12.20,0.00,0.00,0.00,0.00,0.00,1,1
300000604,2.00,3993.40,3993.40,0.00,0.00,0.00,0.00,0.00,1,1
300000605,5.00,122296.70,127250.20,0.00,0.00,0.00,0.00,0.00,1,1
300000606,1.00,1791.60,1791.60,0.00,0.00,0.00,0.00,0.00,1,1
300000612,0.00,773.60,773.60,0.00,0.00,0.00,0.00,0.00,1,1
300000613,13.00,567.70,579.10,0.00,0.00,0.00,0.00,0.00,1,1
300000614,7.00,528.40,528.40,0.00,0.00,0.00,0.00,0.00,1,1
300000616,0.00,1346.50,1427.40,0.00,0.00,0.00,0.00,0.00,1,1
300000617,1.00,4311.50,4311.50,0.00,0.00,0.00,0.00,0.00,1,1
300000618,1.00,96268.80,96268.80,0.00,0.00,0.00,0.00,0.00,1,1
300000622,1.00,242.80,262.50,0.00,0.00,0.00,0.00,0.00,1,1
300000624,435.00,666.50,679.90,0.00,0.00,0.00,0.00,0.00,1,1
300000626,2.00,2143.40,2143.40,0.00,0.00,0.00,0.00,0.00,1,1
300000629,2.00,13230.40,13496.40,0.00,0.00,0.00,0.00,0.00,1,1
300000631,-1.00,279.50,279.50,0.00,0.00,0.00,0.00,0.00,1,1
300000633,0.00,73275.90,73275.90,0.00,0.00,0.00,0.00,0.00,1,1
300000634,2.00,6347.50,6474.40,0.00,0.00,0.00,0.00,0.00,1,1
300000635,0.00,162.80,166.00,0.00,0.00,0.00,0.00,0.00,1,1
300000636,3.00,5589.90,5589.90,0.00,0.00,0.00,0.00,0.00,1,1
300000638,1.00,368.20,368.20,0.00,0.00,0.00,0.00,0.00,1,1
300000640,16.00,22.00,23.70,0.00,0.00,0.00,0.00,0.00,1,1
300000642,14.00,3801.30,3877.70,0.00,0.00,0.00,0.00,0.00,1,1
300000647,1.00,2128.00,2128.00,0.00,0.00,0.00,0.00,0.00,1,1
300000649,2.00,4704.60,4798.60,0.00,0.00,0.00,0.00,0.00,1,1
300000650,1.00,3046.70,3108.00,0.00,0.00,0.00,0.00,0.00,1,1
300000652,16.00,420.00,450.00,0.00,0.00,0.00,0.00,0.00,1,1
300000654,1.00,6163.90,6163.90,0.00,0.00,0.00,0.00,0.00,1,1
300000655,-1.00,247.20,262.10,0.00,0.00,0.00,0.00,0.00,1,1
300000657,140.90,211.50,211.50,0.00,0.00,0.00,0.00,0.00,1,1
300000658,3.00,6.20,6.70,0.00,0.00,0.00,0.00,0.00,1,1
300000665,1.00,1450.90,1450.90,0.00,0.00,0.00,0.00,0.00,1,1
300000666,3.00,32.30,34.90,0.00,0.00,0.00,0.00,0.00,1,1
300000667,1.00,9972.20,10172.70,0.00,0.00,0.00,0.00,0.00,1,1
300000668,18.00,249.40,269.60,0.00,0.00,0.00,0.00,0.00,1,1
300000670,1.00,3120.70,3183.50,0.00,0.00,0.00,0.00,0.00,1,1
300000672,6.00,186.70,201.90,0.00,0.00,0.00,0.00,0.00,1,1
300000673,5.00,17.30,18.70,0.00,0.00,0.00,0.00,0.00,1,1
300000676,0.00,698.70,698.70,0.00,0.00,0.00,0.00,0.00,1,1
300000680,2.00,698.70,698.70,0.00,0.00,0.00,0.00,0.00,1,1
300000682,3.00,623.80,623.80,0.00,0.00,0.00,0.00,0.00,1,1
300000683,3.00,623.80,623.80,0.00,0.00,0.00,0.00,0.00,1,1
300000684,-1850.00,29.43,29.43,0.00,0.00,0.00,0.00,0.00,1,1
300000685,0.00,528.40,528.40,0.00,0.00,0.00,0.00,0.00,1,1
300000686,2.00,3037.00,3037.00,0.00,0.00,0.00,0.00,0.00,1,1
300000687,2.00,528.40,528.40,0.00,0.00,0.00,0.00,0.00,1,1
300000688,6.00,221.40,221.40,0.00,0.00,0.00,0.00,0.00,1,1
300000689,2.00,1798.40,1834.50,0.00,0.00,0.00,0.00,0.00,1,1
300000692,15.00,48.70,48.70,0.00,0.00,0.00,0.00,0.00,1,1
300000696,1.00,698.70,698.70,0.00,0.00,0.00,0.00,0.00,1,1
300000697,1.00,1298.90,1298.90,0.00,0.00,0.00,0.00,0.00,1,1
300000698,1.00,5983.90,5983.90,0.00,0.00,0.00,0.00,0.00,1,1
300000699,1.00,2140.10,2140.10,0.00,0.00,0.00,0.00,0.00,1,1
300000705,14.00,528.40,528.40,0.00,0.00,0.00,0.00,0.00,1,1
300000706,22.00,24.60,26.60,0.00,0.00,0.00,0.00,0.00,1,1
300000708,3.00,528.40,528.40,0.00,0.00,0.00,0.00,0.00,1,1
300000711,6.00,1868.90,1906.50,0.00,0.00,0.00,0.00,0.00,1,1
300000713,3.00,1692.60,1726.60,0.00,0.00,0.00,0.00,0.00,1,1
300000714,1.00,713.60,756.50,0.00,0.00,0.00,0.00,0.00,1,1
300000716,7.00,528.40,528.40,0.00,0.00,0.00,0.00,0.00,1,1
300000717,0.00,698.70,698.70,0.00,0.00,0.00,0.00,0.00,1,1
300000718,1.00,698.70,698.70,0.00,0.00,0.00,0.00,0.00,1,1
300000719,15.00,282.10,287.80,0.00,0.00,0.00,0.00,0.00,1,1
300000720,2.00,2827.30,2827.30,0.00,0.00,0.00,0.00,0.00,1,1
300000722,2.00,62.10,62.10,0.00,0.00,0.00,0.00,0.00,1,1
300000724,2.00,60290.60,60290.60,0.00,0.00,0.00,0.00,0.00,1,1
300000726,7.00,698.70,698.70,0.00,0.00,0.00,0.00,0.00,1,1
300000727,14.00,528.40,528.40,0.00,0.00,0.00,0.00,0.00,1,1
300000728,14.00,528.40,528.40,0.00,0.00,0.00,0.00,0.00,1,1
300000730,2.00,229.20,233.80,0.00,0.00,0.00,0.00,0.00,1,1
300000731,14.00,10.80,11.50,0.00,0.00,0.00,0.00,0.00,1,1
300000732,3.00,6546.70,6546.70,0.00,0.00,0.00,0.00,0.00,1,1
300000734,0.00,127.60,152.80,0.00,0.00,0.00,0.00,0.00,1,1
300000735,1.00,834.30,851.10,0.00,0.00,0.00,0.00,0.00,1,1
300000737,1.00,337.50,337.50,0.00,0.00,0.00,0.00,0.00,1,1
300000739,2.00,38.30,38.30,0.00,0.00,0.00,0.00,0.00,1,1
300000740,4.00,64.20,68.10,0.00,0.00,0.00,0.00,0.00,1,1
300000741,3.00,208128.10,208128.10,0.00,0.00,0.00,0.00,0.00,1,1
300000742,2.00,154.30,163.60,0.00,0.00,0.00,0.00,0.00,1,1
300000743,9.00,528.40,528.40,0.00,0.00,0.00,0.00,0.00,1,1
300000744,26.00,731.10,775.00,0.00,0.00,0.00,0.00,0.00,1,1
300000745,1.00,863.90,881.30,0.00,0.00,0.00,0.00,0.00,1,1
300000746,11.00,493.70,503.60,0.00,0.00,0.00,0.00,0.00,1,1
300000747,5.00,941.90,998.40,0.00,0.00,0.00,0.00,0.00,1,1
300000749,13.00,6.50,6.90,0.00,0.00,0.00,0.00,0.00,1,1
300000750,1.00,134.40,145.30,0.00,0.00,0.00,0.00,0.00,1,1
300000753,4.00,281.40,304.20,0.00,0.00,0.00,0.00,0.00,1,1
300000754,1.00,151.20,163.40,0.00,0.00,0.00,0.00,0.00,1,1
300000755,19.00,1805.20,1805.20,0.00,0.00,0.00,0.00,0.00,1,1
300000757,14.00,528.40,528.40,0.00,0.00,0.00,0.00,0.00,1,1
300000759,51.00,158.00,161.20,0.00,0.00,0.00,0.00,0.00,1,1
300000766,6.00,528.40,528.40,0.00,0.00,0.00,0.00,0.00,1,1
300000767,1.00,268.80,290.60,0.00,0.00,0.00,0.00,0.00,1,1
300000768,1.00,5247.00,5352.50,0.00,0.00,0.00,0.00,0.00,1,1
300000769,5.00,1999.40,2039.60,0.00,0.00,0.00,0.00,0.00,1,1
300000771,2.00,528.40,528.40,0.00,0.00,0.00,0.00,0.00,1,1
300000772,8.00,1456.30,1485.60,0.00,0.00,0.00,0.00,0.00,1,1
300000773,2.00,2571.37,2571.37,0.00,0.00,0.00,0.00,0.00,1,1
300000775,0.00,1063.50,1063.50,0.00,0.00,0.00,0.00,0.00,1,1
300000776,0.00,5322.90,5322.90,0.00,0.00,0.00,0.00,0.00,1,1
300000777,3.00,1431.40,1517.40,0.00,0.00,0.00,0.00,0.00,1,1
300000779,3.00,528.40,528.40,0.00,0.00,0.00,0.00,0.00,1,1
300000783,17.00,216.20,216.20,0.00,0.00,0.00,0.00,0.00,1,1
300000784,5.00,116.80,116.80,0.00,0.00,0.00,0.00,0.00,1,1
300000787,2.00,4739.20,4834.50,0.00,0.00,0.00,0.00,0.00,1,1
300000788,4.00,715.80,730.20,0.00,0.00,0.00,0.00,0.00,1,1
300000789,1.00,338.90,366.40,0.00,0.00,0.00,0.00,0.00,1,1
300000790,0.00,698.70,698.70,0.00,0.00,0.00,0.00,0.00,1,1
300000791,2.00,499.50,499.50,0.00,0.00,0.00,0.00,0.00,1,1
300000792,44.00,60.10,63.70,0.00,0.00,0.00,0.00,0.00,1,1
300000794,0.00,528.40,528.40,0.00,0.00,0.00,0.00,0.00,1,1
300000795,5.00,528.40,528.40,0.00,0.00,0.00,0.00,0.00,1,1
300000797,34.00,159.80,169.30,0.00,0.00,0.00,0.00,0.00,1,1
300000799,0.00,33069.70,35772.10,0.00,0.00,0.00,0.00,0.00,1,1
300000800,1.00,3726.60,3726.60,0.00,0.00,0.00,0.00,0.00,1,1
300000801,2.00,5849.20,5849.20,0.00,0.00,0.00,0.00,0.00,1,1
300000802,1.00,698.70,698.70,0.00,0.00,0.00,0.00,0.00,1,1
300000803,0.00,138.80,138.80,0.00,0.00,0.00,0.00,0.00,1,1
300000804,1.00,243.20,257.80,0.00,0.00,0.00,0.00,0.00,1,1
300000807,3.00,4115.20,4115.20,0.00,0.00,0.00,0.00,0.00,1,1
300000809,2.00,528.40,528.40,0.00,0.00,0.00,0.00,0.00,1,1
300000812,0.00,7892.70,7892.70,0.00,0.00,0.00,0.00,0.00,1,1
300000813,2.00,60550.10,60550.10,0.00,0.00,0.00,0.00,0.00,1,1
300000814,2.00,15180.40,15485.60,0.00,0.00,0.00,0.00,0.00,1,1
300000815,6.00,436.80,472.20,0.00,0.00,0.00,0.00,0.00,1,1
300000816,0.00,149.80,149.80,0.00,0.00,0.00,0.00,0.00,1,1
300000819,4.00,20800.00,22048.60,0.00,0.00,0.00,0.00,0.00,1,1
300000825,1.00,641.10,641.10,0.00,0.00,0.00,0.00,0.00,1,1
300000828,1.00,402.90,402.90,0.00,0.00,0.00,0.00,0.00,1,1
300000829,0.00,46477.90,48360.50,0.00,0.00,0.00,0.00,0.00,1,1
300000830,6.00,69.60,69.60,0.00,0.00,0.00,0.00,0.00,1,1
300000831,6.00,1479.10,1479.10,0.00,0.00,0.00,0.00,0.00,1,1
300000832,4.00,232.80,232.80,0.00,0.00,0.00,0.00,0.00,1,1
300000835,0.00,5654.40,5654.40,0.00,0.00,0.00,0.00,0.00,1,1
300000836,2.00,302.90,302.90,0.00,0.00,0.00,0.00,0.00,1,1
300000837,3.00,290.30,307.70,0.00,0.00,0.00,0.00,0.00,1,1
300000838,1.00,81486.00,81486.00,0.00,0.00,0.00,0.00,0.00,1,1
300000839,0.00,26652.20,27731.80,0.00,0.00,0.00,0.00,0.00,1,1
300000840,4.00,528.40,528.40,0.00,0.00,0.00,0.00,0.00,1,1
300000845,2.00,91090.00,94779.50,0.00,0.00,0.00,0.00,0.00,1,1
300000846,20.00,23.20,23.20,0.00,0.00,0.00,0.00,0.00,1,1
300000847,2.00,1688.30,1825.00,0.00,0.00,0.00,0.00,0.00,1,1
300000851,1.00,282.00,282.00,0.00,0.00,0.00,0.00,0.00,1,1
300000853,4.00,987.10,987.10,0.00,0.00,0.00,0.00,0.00,1,1
300000855,8.00,1366.70,1366.70,0.00,0.00,0.00,0.00,0.00,1,1
300000859,3.00,528.40,528.40,0.00,0.00,0.00,0.00,0.00,1,1
300000862,7.00,811.00,876.70,0.00,0.00,0.00,0.00,0.00,1,1
300000870,6.00,3900.00,3978.40,0.00,0.00,0.00,0.00,0.00,1,1
300000872,14.00,345.60,352.50,0.00,0.00,0.00,0.00,0.00,1,1
300000875,67.00,46.40,49.10,0.00,0.00,0.00,0.00,0.00,1,1
300000877,4.00,63.40,67.20,0.00,0.00,0.00,0.00,0.00,1,1
300000878,1.00,599.40,635.40,0.00,0.00,0.00,0.00,0.00,1,1
300000880,1.00,1583.40,1583.40,0.00,0.00,0.00,0.00,0.00,1,1
300000881,1.00,275.50,275.50,0.00,0.00,0.00,0.00,0.00,1,1
300000883,0.00,904.50,904.50,0.00,0.00,0.00,0.00,0.00,1,1
300000887,2.00,94160.00,94160.00,0.00,0.00,0.00,0.00,0.00,1,1
300000888,4.00,528.40,528.40,0.00,0.00,0.00,0.00,0.00,1,1
300000891,3.00,135.50,135.50,0.00,0.00,0.00,0.00,0.00,1,1
300000892,1.00,98.70,100.70,0.00,0.00,0.00,0.00,0.00,1,1
300000894,1.00,333.20,339.90,0.00,0.00,0.00,0.00,0.00,1,1
300000897,2.00,708.70,708.70,0.00,0.00,0.00,0.00,0.00,1,1
300000898,2.00,870.30,870.30,0.00,0.00,0.00,0.00,0.00,1,1
300000899,0.00,54.30,55.40,0.00,0.00,0.00,0.00,0.00,1,1
300000902,16.00,528.40,528.40,0.00,0.00,0.00,0.00,0.00,1,1
300000903,5.00,17.90,19.30,0.00,0.00,0.00,0.00,0.00,1,1
300000906,4.00,550.10,550.10,0.00,0.00,0.00,0.00,0.00,1,1
300000910,5.00,648.10,648.10,0.00,0.00,0.00,0.00,0.00,1,1
300000911,5.00,37.80,37.80,0.00,0.00,0.00,0.00,0.00,1,1
300000913,1.00,528.40,528.40,0.00,0.00,0.00,0.00,0.00,1,1
300000915,0.00,1202.70,1202.70,0.00,0.00,0.00,0.00,0.00,1,1
300000917,3.00,317.40,323.70,0.00,0.00,0.00,0.00,0.00,1,1
300000919,1.00,48.00,50.90,0.00,0.00,0.00,0.00,0.00,1,1
300000921,2.00,281.10,298.00,0.00,0.00,0.00,0.00,0.00,1,1
300000922,1.00,1033.60,1095.60,0.00,0.00,0.00,0.00,0.00,1,1
300000924,3.00,698.70,698.70,0.00,0.00,0.00,0.00,0.00,1,1
300000925,2.00,1970.60,1970.60,0.00,0.00,0.00,0.00,0.00,1,1
300000926,2.00,528.40,528.40,0.00,0.00,0.00,0.00,0.00,1,1
300000928,2.00,87503.20,89262.60,0.00,0.00,0.00,0.00,0.00,1,1
300000929,5.00,5479.70,5589.90,0.00,0.00,0.00,0.00,0.00,1,1
300000930,1.00,103.00,103.00,0.00,0.00,0.00,0.00,0.00,1,1
300000931,2.00,31.10,33.60,0.00,0.00,0.00,0.00,0.00,1,1
300000933,13.00,317.40,323.70,0.00,0.00,0.00,0.00,0.00,1,1
300000938,1.00,870.10,870.10,0.00,0.00,0.00,0.00,0.00,1,1
300000940,4.00,3067.90,3067.90,0.00,0.00,0.00,0.00,0.00,1,1
300000944,0.00,1330.90,1330.90,0.00,0.00,0.00,0.00,0.00,1,1
300000945,1.00,563.40,597.20,0.00,0.00,0.00,0.00,0.00,1,1
300000946,20.00,516.07,545.69,0.00,0.00,0.00,0.00,0.00,1,1
300000948,1.00,685.70,685.70,0.00,0.00,0.00,0.00,0.00,1,1
300000950,1.00,94908.20,96816.50,0.00,0.00,0.00,0.00,0.00,1,1
300000952,3.00,10169.60,10374.10,0.00,0.00,0.00,0.00,0.00,1,1
300000953,3.00,698.70,698.70,0.00,0.00,0.00,0.00,0.00,1,1
300000954,18.00,34.20,37.00,0.00,0.00,0.00,0.00,0.00,1,1
300000955,17.00,42.40,45.80,0.00,0.00,0.00,0.00,0.00,1,1
300000956,2.00,2571.70,2571.70,0.00,0.00,0.00,0.00,0.00,1,1
300000960,4.00,2419.00,2467.60,0.00,0.00,0.00,0.00,0.00,1,1
300000962,114.00,4.80,5.20,0.00,0.00,0.00,0.00,0.00,1,1
300000964,5.00,345.60,352.50,0.00,0.00,0.00,0.00,0.00,1,1
300000965,2.00,951.10,951.10,0.00,0.00,0.00,0.00,0.00,1,1
300000966,2.00,528.40,528.40,0.00,0.00,0.00,0.00,0.00,1,1
300000969,0.00,698.70,698.70,0.00,0.00,0.00,0.00,0.00,1,1
300000970,1.00,327.40,327.40,0.00,0.00,0.00,0.00,0.00,1,1
300000971,2.00,1023.70,1023.70,0.00,0.00,0.00,0.00,0.00,1,1
300000972,1.00,5274.00,5274.00,0.00,0.00,0.00,0.00,0.00,1,1
300000975,0.00,528.40,528.40,0.00,0.00,0.00,0.00,0.00,1,1
300000984,27.00,528.40,528.40,0.00,0.00,0.00,0.00,0.00,1,1
300000992,2.00,51.10,51.10,0.00,0.00,0.00,0.00,0.00,1,1
300000994,3.00,512.50,512.50,0.00,0.00,0.00,0.00,0.00,1,1
300000996,1.00,464.10,473.40,0.00,0.00,0.00,0.00,0.00,1,1
300001001,0.00,5654.40,5654.40,0.00,0.00,0.00,0.00,0.00,1,1
300001003,0.00,5776.30,5776.30,0.00,0.00,0.00,0.00,0.00,1,1
300001005,1.00,685.70,685.70,0.00,0.00,0.00,0.00,0.00,1,1
300001006,2.00,464.50,464.50,0.00,0.00,0.00,0.00,0.00,1,1
300001007,7.00,528.40,528.40,0.00,0.00,0.00,0.00,0.00,1,1
300001009,1.00,450.70,450.70,0.00,0.00,0.00,0.00,0.00,1,1
300001013,0.00,528.40,528.40,0.00,0.00,0.00,0.00,0.00,1,1
300001014,1.00,1167.60,1262.10,0.00,0.00,0.00,0.00,0.00,1,1
300001022,4.00,29.20,29.20,0.00,0.00,0.00,0.00,0.00,1,1
300001023,6.00,870.80,870.80,0.00,0.00,0.00,0.00,0.00,1,1
300001031,2.00,1973.80,1973.80,0.00,0.00,0.00,0.00,0.00,1,1
300001032,3.00,110.90,110.90,0.00,0.00,0.00,0.00,0.00,1,1
300001033,8.00,672.00,726.40,0.00,0.00,0.00,0.00,0.00,1,1
300001034,3.00,2912.70,2971.20,0.00,0.00,0.00,0.00,0.00,1,1
300001035,1.00,1193.70,1290.40,0.00,0.00,0.00,0.00,0.00,1,1
300001037,3.00,1303.40,1303.40,0.00,0.00,0.00,0.00,0.00,1,1
300001039,15.00,189.90,193.70,0.00,0.00,0.00,0.00,0.00,1,1
300001040,11.00,37.80,37.80,0.00,0.00,0.00,0.00,0.00,1,1
300001042,2.00,528.40,528.40,0.00,0.00,0.00,0.00,0.00,1,1
300001044,1.00,6051.70,6051.70,0.00,0.00,0.00,0.00,0.00,1,1
300001045,2.00,247639.30,247639.30,0.00,0.00,0.00,0.00,0.00,1,1
300001046,3.00,4115.20,4115.20,0.00,0.00,0.00,0.00,0.00,1,1
300001047,11.00,334.80,334.80,0.00,0.00,0.00,0.00,0.00,1,1
300001050,0.00,528.40,528.40,0.00,0.00,0.00,0.00,0.00,1,1
300001054,2.00,668.40,668.40,0.00,0.00,0.00,0.00,0.00,1,1
300001059,1.00,23615.90,24572.50,0.00,0.00,0.00,0.00,0.00,1,1
300001061,3.00,3603.80,3676.30,0.00,0.00,0.00,0.00,0.00,1,1
300001062,46.00,37.50,40.60,0.00,0.00,0.00,0.00,0.00,1,1
300001063,5.00,49.20,52.10,0.00,0.00,0.00,0.00,0.00,1,1
300001073,1.00,698.70,698.70,0.00,0.00,0.00,0.00,0.00,1,1
300001074,0.00,698.70,698.70,0.00,0.00,0.00,0.00,0.00,1,1
300001075,7.00,528.40,528.40,0.00,0.00,0.00,0.00,0.00,1,1
300001076,5.00,474.50,474.50,0.00,0.00,0.00,0.00,0.00,1,1
300001077,6.00,106.30,106.30,0.00,0.00,0.00,0.00,0.00,1,1
300001078,0.00,16438.30,19682.30,0.00,0.00,0.00,0.00,0.00,1,1
300001081,2.00,330.50,330.50,0.00,0.00,0.00,0.00,0.00,1,1
300001082,3.00,3457.80,3457.80,0.00,0.00,0.00,0.00,0.00,1,1
300001085,5.00,27.33,28.97,0.00,0.00,0.00,0.00,0.00,1,1
300001088,6.00,165.00,168.30,0.00,0.00,0.00,0.00,0.00,1,1
300001091,11.00,528.40,528.40,0.00,0.00,0.00,0.00,0.00,1,1
300001093,0.00,19227.90,19227.90,0.00,0.00,0.00,0.00,0.00,1,1
300001094,10.00,528.40,528.40,0.00,0.00,0.00,0.00,0.00,1,1
300001097,1.00,539.70,583.40,0.00,0.00,0.00,0.00,0.00,1,1
300001099,12.00,30.20,32.70,0.00,0.00,0.00,0.00,0.00,1,1
300001101,2.00,5086.60,5086.60,0.00,0.00,0.00,0.00,0.00,1,1
300001102,1.00,872.10,872.10,0.00,0.00,0.00,0.00,0.00,1,1
300001103,8.00,481.30,491.00,0.00,0.00,0.00,0.00,0.00,1,1
300001104,2.00,7235.80,7381.30,0.00,0.00,0.00,0.00,0.00,1,1
300001106,0.00,698.70,698.70,0.00,0.00,0.00,0.00,0.00,1,1
300001107,6.00,1103.10,1103.10,0.00,0.00,0.00,0.00,0.00,1,1
300001108,22.00,528.40,528.40,0.00,0.00,0.00,0.00,0.00,1,1
300001110,2.00,5084.80,5187.10,0.00,0.00,0.00,0.00,0.00,1,1
300001111,40.00,465.50,474.80,0.00,0.00,0.00,0.00,0.00,1,1
300001112,4.00,528.40,528.40,0.00,0.00,0.00,0.00,0.00,1,1
300001117,28.00,71.90,73.40,0.00,0.00,0.00,0.00,0.00,1,1
300001118,4.00,50.80,51.80,0.00,0.00,0.00,0.00,0.00,1,1
300001120,20.00,1355.40,1436.80,0.00,0.00,0.00,0.00,0.00,1,1
300001121,10.00,516.07,523.28,0.00,0.00,0.00,0.00,0.00,1,1
300001122,10.00,1092.55,1155.25,0.00,0.00,0.00,0.00,0.00,1,1
300001123,1.00,698.70,698.70,0.00,0.00,0.00,0.00,0.00,1,1
300001125,2.00,10975.40,11196.10,0.00,0.00,0.00,0.00,0.00,1,1
300001127,38.00,2517.70,2568.30,0.00,0.00,0.00,0.00,0.00,1,1
300001138,0.00,132.20,132.20,0.00,0.00,0.00,0.00,0.00,1,1
300001139,1.00,247.80,247.80,0.00,0.00,0.00,0.00,0.00,1,1
300001143,1.00,2665.80,2719.40,0.00,0.00,0.00,0.00,0.00,1,1
300001144,10.00,6121.50,6244.60,0.00,0.00,0.00,0.00,0.00,1,1
300001145,22.00,6467.10,6597.10,0.00,0.00,0.00,0.00,0.00,1,1
300001146,3.00,2813.90,2870.50,0.00,0.00,0.00,0.00,0.00,1,1
300001147,1.00,1356.60,1356.60,0.00,0.00,0.00,0.00,0.00,1,1
300001148,3.00,39.40,42.60,0.00,0.00,0.00,0.00,0.00,1,1
300001153,4.00,1340.00,1366.90,0.00,0.00,0.00,0.00,0.00,1,1
300001155,5.00,345.60,352.50,0.00,0.00,0.00,0.00,0.00,1,1
300001156,3.00,1283.50,1309.40,0.00,0.00,0.00,0.00,0.00,1,1
300001157,9.00,49.40,50.40,0.00,0.00,0.00,0.00,0.00,1,1
300001160,9.00,528.40,528.40,0.00,0.00,0.00,0.00,0.00,1,1
300001162,8.00,86.50,86.50,0.00,0.00,0.00,0.00,0.00,1,1
300001163,6.00,4566.50,4658.30,0.00,0.00,0.00,0.00,0.00,1,1
300001166,2.00,469.00,478.40,0.00,0.00,0.00,0.00,0.00,1,1
300001171,6.00,6241.40,6366.90,0.00,0.00,0.00,0.00,0.00,1,1
300001172,1.00,47.50,47.50,0.00,0.00,0.00,0.00,0.00,1,1
300001173,4.00,528.40,528.40,0.00,0.00,0.00,0.00,0.00,1,1
300001176,1.00,105044.00,105044.00,0.00,0.00,0.00,0.00,0.00,1,1
300001178,1.00,145.50,145.50,0.00,0.00,0.00,0.00,0.00,1,1
300001179,7.00,296.20,302.20,0.00,0.00,0.00,0.00,0.00,1,1
300001180,14.00,29.20,31.60,0.00,0.00,0.00,0.00,0.00,1,1
300001181,20.00,126.90,126.90,0.00,0.00,0.00,0.00,0.00,1,1
300001184,2.00,22832.30,23291.40,0.00,0.00,0.00,0.00,0.00,1,1
300001188,1.00,592.40,604.30,0.00,0.00,0.00,0.00,0.00,1,1
300001189,1.00,488.70,498.80,0.00,0.00,0.00,0.00,0.00,1,1
300001190,2.00,148.10,151.10,0.00,0.00,0.00,0.00,0.00,1,1
300001192,4.00,4704.10,4704.10,0.00,0.00,0.00,0.00,0.00,1,1
300001193,2.00,709.40,709.40,0.00,0.00,0.00,0.00,0.00,1,1
300001194,8.00,25.90,27.90,0.00,0.00,0.00,0.00,0.00,1,1
300001197,2.00,528.40,528.40,0.00,0.00,0.00,0.00,0.00,1,1
300001200,1.00,98.70,100.70,0.00,0.00,0.00,0.00,0.00,1,1
300001201,4.00,1184.60,1184.60,0.00,0.00,0.00,0.00,0.00,1,1
300001202,0.00,27753.00,27753.00,0.00,0.00,0.00,0.00,0.00,1,1
300001203,2.00,107.20,107.20,0.00,0.00,0.00,0.00,0.00,1,1
300001205,2.00,9388.60,9577.30,0.00,0.00,0.00,0.00,0.00,1,1
300001206,18.00,1495.80,1495.80,0.00,0.00,0.00,0.00,0.00,1,1
300001208,2.00,44.40,45.30,0.00,0.00,0.00,0.00,0.00,1,1
300001209,3.00,2715.20,2769.80,0.00,0.00,0.00,0.00,0.00,1,1
300001212,3.00,528.40,528.40,0.00,0.00,0.00,0.00,0.00,1,1
300001213,0.00,294.70,294.70,0.00,0.00,0.00,0.00,0.00,1,1
300001214,0.00,2051.20,2051.20,0.00,0.00,0.00,0.00,0.00,1,1
300001218,1.00,767.40,829.50,0.00,0.00,0.00,0.00,0.00,1,1
300001220,0.00,528.40,528.40,0.00,0.00,0.00,0.00,0.00,1,1
300001222,14.00,317.40,323.70,0.00,0.00,0.00,0.00,0.00,1,1
300001224,2.00,2707.90,2707.90,0.00,0.00,0.00,0.00,0.00,1,1
300001225,16.00,1150.50,1150.50,0.00,0.00,0.00,0.00,0.00,1,1
300001226,2.00,61.30,61.30,0.00,0.00,0.00,0.00,0.00,1,1
300001228,6.00,2813.90,2870.50,0.00,0.00,0.00,0.00,0.00,1,1
300001229,1.00,3139.00,3139.00,0.00,0.00,0.00,0.00,0.00,1,1
300001230,1.00,841.40,841.40,0.00,0.00,0.00,0.00,0.00,1,1
300001232,2.00,1309.40,1309.40,0.00,0.00,0.00,0.00,0.00,1,1
300001233,6.00,229.20,233.80,0.00,0.00,0.00,0.00,0.00,1,1
300001234,3.00,34011.50,34011.50,0.00,0.00,0.00,0.00,0.00,1,1
300001235,1.00,935.20,935.20,0.00,0.00,0.00,0.00,0.00,1,1
300001236,0.00,626.70,626.70,0.00,0.00,0.00,0.00,0.00,1,1
300001237,3.00,81.50,81.50,0.00,0.00,0.00,0.00,0.00,1,1
300001238,2.00,162.70,172.50,0.00,0.00,0.00,0.00,0.00,1,1
300001239,2.00,277.50,294.10,0.00,0.00,0.00,0.00,0.00,1,1
300001240,10.00,210.30,227.30,0.00,0.00,0.00,0.00,0.00,1,1
300001242,4.00,567.70,579.10,0.00,0.00,0.00,0.00,0.00,1,1
300001245,13.00,752.20,813.10,0.00,0.00,0.00,0.00,0.00,1,1
300001247,1.00,1277.60,1277.60,0.00,0.00,0.00,0.00,0.00,1,1
300001248,6.00,234.20,234.20,0.00,0.00,0.00,0.00,0.00,1,1
300001249,1.00,0.00,0.00,0.00,0.00,0.00,0.00,0.00,1,1
300001251,2.00,5488.10,5488.10,0.00,0.00,0.00,0.00,0.00,1,1
300001258,2.00,16384.10,16384.10,0.00,0.00,0.00,0.00,0.00,1,1
300001260,7.00,528.40,528.40,0.00,0.00,0.00,0.00,0.00,1,1
300001263,1.00,820.50,820.50,0.00,0.00,0.00,0.00,0.00,1,1
300001264,1.00,2024.10,2064.70,0.00,0.00,0.00,0.00,0.00,1,1
300001269,24.00,384.10,384.10,0.00,0.00,0.00,0.00,0.00,1,1
300001270,24.00,384.10,384.10,0.00,0.00,0.00,0.00,0.00,1,1
300001271,4.00,888.60,906.50,0.00,0.00,0.00,0.00,0.00,1,1
300001282,1.00,640.70,640.70,0.00,0.00,0.00,0.00,0.00,1,1
300001284,4.00,22.40,24.20,0.00,0.00,0.00,0.00,0.00,1,1
300001286,16.00,106.30,106.30,0.00,0.00,0.00,0.00,0.00,1,1
300001287,1.00,1157.00,1157.00,0.00,0.00,0.00,0.00,0.00,1,1
300001289,0.00,528.40,528.40,0.00,0.00,0.00,0.00,0.00,1,1
300001292,2.00,52.00,52.00,0.00,0.00,0.00,0.00,0.00,1,1
300001293,0.00,294.90,294.90,0.00,0.00,0.00,0.00,0.00,1,1
300001294,2.00,42.40,42.40,0.00,0.00,0.00,0.00,0.00,1,1
300001295,2.00,499.50,499.50,0.00,0.00,0.00,0.00,0.00,1,1
300001296,6.00,920.40,920.40,0.00,0.00,0.00,0.00,0.00,1,1
300001297,5.00,74.10,75.50,0.00,0.00,0.00,0.00,0.00,1,1
300001298,0.00,5322.90,5322.90,0.00,0.00,0.00,0.00,0.00,1,1
300001299,16.00,2031.50,2031.50,0.00,0.00,0.00,0.00,0.00,1,1
300001300,25.00,10.80,11.60,0.00,0.00,0.00,0.00,0.00,1,1
300001304,4.00,94.70,94.70,0.00,0.00,0.00,0.00,0.00,1,1
300001306,2.00,698.70,698.70,0.00,0.00,0.00,0.00,0.00,1,1
300001309,2.00,83.90,85.60,0.00,0.00,0.00,0.00,0.00,1,1
300001310,2.00,308.60,314.80,0.00,0.00,0.00,0.00,0.00,1,1
300001319,1.00,7462.50,7910.40,0.00,0.00,0.00,0.00,0.00,1,1
300001322,0.00,380.30,380.30,0.00,0.00,0.00,0.00,0.00,1,1
300001325,2.00,162.90,166.20,0.00,0.00,0.00,0.00,0.00,1,1
300001331,1.00,21375.90,21805.80,0.00,0.00,0.00,0.00,0.00,1,1
300001332,0.00,82.40,89.10,0.00,0.00,0.00,0.00,0.00,1,1
300001334,2.00,808.80,808.80,0.00,0.00,0.00,0.00,0.00,1,1
300001335,4.00,175.20,189.40,0.00,0.00,0.00,0.00,0.00,1,1
300001341,10.00,74.10,75.50,0.00,0.00,0.00,0.00,0.00,1,1
300001342,9.00,1703.20,1737.40,0.00,0.00,0.00,0.00,0.00,1,1
300001343,10.00,1703.20,1737.40,0.00,0.00,0.00,0.00,0.00,1,1
300001344,3.00,1248.00,1248.00,0.00,0.00,0.00,0.00,0.00,1,1
300001350,1.00,2234.80,2234.80,0.00,0.00,0.00,0.00,0.00,1,1
300001352,1.00,831.20,831.20,0.00,0.00,0.00,0.00,0.00,1,1
300001354,5.00,94.60,94.60,0.00,0.00,0.00,0.00,0.00,1,1
300001356,10.00,528.40,528.40,0.00,0.00,0.00,0.00,0.00,1,1
300001357,15.00,5.50,6.00,0.00,0.00,0.00,0.00,0.00,1,1
300001359,3.00,6368.40,6496.40,0.00,0.00,0.00,0.00,0.00,1,1
300001360,15.00,130.40,130.40,0.00,0.00,0.00,0.00,0.00,1,1
300001361,6.00,91.40,91.40,0.00,0.00,0.00,0.00,0.00,1,1
300001363,3.00,857.70,857.70,0.00,0.00,0.00,0.00,0.00,1,1
300001367,2.00,528.40,528.40,0.00,0.00,0.00,0.00,0.00,1,1
300001371,1.00,698.70,698.70,0.00,0.00,0.00,0.00,0.00,1,1
300001372,7.00,345.60,352.50,0.00,0.00,0.00,0.00,0.00,1,1
300001375,0.00,698.70,698.70,0.00,0.00,0.00,0.00,0.00,1,1
300001376,1.00,706.30,706.30,0.00,0.00,0.00,0.00,0.00,1,1
300001377,0.00,256.50,256.50,0.00,0.00,0.00,0.00,0.00,1,1
300001378,0.00,38.20,38.20,0.00,0.00,0.00,0.00,0.00,1,1
300001380,0.00,85.30,85.30,0.00,0.00,0.00,0.00,0.00,1,1
300001383,9.00,1433.10,1549.10,0.00,0.00,0.00,0.00,0.00,1,1
300001384,15.00,29.90,32.30,0.00,0.00,0.00,0.00,0.00,1,1
300001387,2.00,3110.10,3172.70,0.00,0.00,0.00,0.00,0.00,1,1
300001389,4.00,3788.50,3788.50,0.00,0.00,0.00,0.00,0.00,1,1
300001391,2.00,133.30,136.00,0.00,0.00,0.00,0.00,0.00,1,1
300001395,1.00,742.10,742.10,0.00,0.00,0.00,0.00,0.00,1,1
300001408,4.00,2955.50,2955.50,0.00,0.00,0.00,0.00,0.00,1,1
300001409,2.00,653.10,653.10,0.00,0.00,0.00,0.00,0.00,1,1
300001410,0.00,354.70,354.70,0.00,0.00,0.00,0.00,0.00,1,1
300001411,0.00,25365.70,25365.70,0.00,0.00,0.00,0.00,0.00,1,1
300001412,1.00,528.40,528.40,0.00,0.00,0.00,0.00,0.00,1,1
300001413,8.00,6220.30,6345.30,0.00,0.00,0.00,0.00,0.00,1,1
300001416,0.00,2473.70,2473.70,0.00,0.00,0.00,0.00,0.00,1,1
300001417,1.00,8547.60,8719.40,0.00,0.00,0.00,0.00,0.00,1,1
300001419,20.00,1092.55,1155.25,0.00,0.00,0.00,0.00,0.00,1,1
300001426,3.00,1107.60,1197.30,0.00,0.00,0.00,0.00,0.00,1,1
300001428,0.00,6690.90,6690.90,0.00,0.00,0.00,0.00,0.00,1,1
300001430,9.00,731.80,791.10,0.00,0.00,0.00,0.00,0.00,1,1
300001431,2.00,88.30,88.30,0.00,0.00,0.00,0.00,0.00,1,1
300001434,0.00,2927.50,2927.50,0.00,0.00,0.00,0.00,0.00,1,1
300001435,26.00,246.20,246.20,0.00,0.00,0.00,0.00,0.00,1,1
300001443,5.00,2759.30,2759.30,0.00,0.00,0.00,0.00,0.00,1,1
300001445,13.00,11.60,12.50,0.00,0.00,0.00,0.00,0.00,1,1
300001447,2.00,284.70,284.70,0.00,0.00,0.00,0.00,0.00,1,1
300001449,0.00,1357.60,1357.60,0.00,0.00,0.00,0.00,0.00,1,1
300001455,2.00,20735.30,22413.80,0.00,0.00,0.00,0.00,0.00,1,1
300001456,4.00,20735.30,22413.80,0.00,0.00,0.00,0.00,0.00,1,1
300001458,3.00,33.80,33.80,0.00,0.00,0.00,0.00,0.00,1,1
300001462,0.00,1658.50,1658.50,0.00,0.00,0.00,0.00,0.00,1,1
300001464,3.00,641.80,654.70,0.00,0.00,0.00,0.00,0.00,1,1
300001465,0.00,422.40,422.40,0.00,0.00,0.00,0.00,0.00,1,1
300001467,17.00,13.50,14.60,0.00,0.00,0.00,0.00,0.00,1,1
300001470,204.00,19.70,20.10,0.00,0.00,0.00,0.00,0.00,1,1
300001472,4.00,201.60,217.90,0.00,0.00,0.00,0.00,0.00,1,1
300001473,3.00,183.90,198.70,0.00,0.00,0.00,0.00,0.00,1,1
300001474,1.00,346.10,346.10,0.00,0.00,0.00,0.00,0.00,1,1
300001482,3.00,518.40,528.80,0.00,0.00,0.00,0.00,0.00,1,1
300001486,6.00,3702.50,3777.00,0.00,0.00,0.00,0.00,0.00,1,1
300001489,0.00,14581.20,14581.20,0.00,0.00,0.00,0.00,0.00,1,1
300001490,2.00,789.90,805.80,0.00,0.00,0.00,0.00,0.00,1,1
300001491,0.00,528.40,528.40,0.00,0.00,0.00,0.00,0.00,1,1
300001494,4.00,1135.40,1158.30,0.00,0.00,0.00,0.00,0.00,1,1
300001495,0.00,1197.90,1197.90,0.00,0.00,0.00,0.00,0.00,1,1
300001500,0.00,1818.50,1818.50,0.00,0.00,0.00,0.00,0.00,1,1
300001501,1.00,528.40,528.40,0.00,0.00,0.00,0.00,0.00,1,1
300001507,0.00,177.70,177.70,0.00,0.00,0.00,0.00,0.00,1,1
300001508,0.00,3136.70,3136.70,0.00,0.00,0.00,0.00,0.00,1,1
300001511,1.00,3807.50,3807.50,0.00,0.00,0.00,0.00,0.00,1,1
300001512,1.00,97.30,97.30,0.00,0.00,0.00,0.00,0.00,1,1
300001514,7.00,901.00,919.10,0.00,0.00,0.00,0.00,0.00,1,1
300001515,6.00,1942.80,1942.80,0.00,0.00,0.00,0.00,0.00,1,1
300001517,1.00,1327.80,1327.80,0.00,0.00,0.00,0.00,0.00,1,1
300001518,1.00,113.60,113.60,0.00,0.00,0.00,0.00,0.00,1,1
300001519,6.00,1777.20,1812.90,0.00,0.00,0.00,0.00,0.00,1,1
300001520,0.00,2600.80,2600.80,0.00,0.00,0.00,0.00,0.00,1,1
300001522,2.00,3250.00,3250.00,0.00,0.00,0.00,0.00,0.00,1,1
300001523,6.00,126.90,129.50,0.00,0.00,0.00,0.00,0.00,1,1
300001526,0.00,5459.80,5459.80,0.00,0.00,0.00,0.00,0.00,1,1
300001531,0.00,460.20,460.20,0.00,0.00,0.00,0.00,0.00,1,1
300001537,1.00,3530.50,3530.50,0.00,0.00,0.00,0.00,0.00,1,1
300001541,4.00,44.40,45.30,0.00,0.00,0.00,0.00,0.00,1,1
300001543,0.00,2193.10,2193.10,0.00,0.00,0.00,0.00,0.00,1,1
300001546,0.00,4343.00,4343.00,0.00,0.00,0.00,0.00,0.00,1,1
300001547,1.00,1359.10,1359.10,0.00,0.00,0.00,0.00,0.00,1,1
300001548,0.00,3664.90,3664.90,0.00,0.00,0.00,0.00,0.00,1,1
300001551,10.00,571.20,582.70,0.00,0.00,0.00,0.00,0.00,1,1
300001555,2.00,528.40,528.40,0.00,0.00,0.00,0.00,0.00,1,1
300001558,1.00,13879.20,14158.30,0.00,0.00,0.00,0.00,0.00,1,1
300001560,2.00,1209.50,1233.80,0.00,0.00,0.00,0.00,0.00,1,1
300001566,1.00,83.90,85.60,0.00,0.00,0.00,0.00,0.00,1,1
300001569,5.00,273.00,273.00,0.00,0.00,0.00,0.00,0.00,1,1
300001570,4.00,43.90,43.90,0.00,0.00,0.00,0.00,0.00,1,1
300001584,2.00,4823.90,4920.90,0.00,0.00,0.00,0.00,0.00,1,1
300001585,11.00,338.50,345.30,0.00,0.00,0.00,0.00,0.00,1,1
300001586,1.00,1311.80,1338.10,0.00,0.00,0.00,0.00,0.00,1,1
300001587,2.00,304.70,310.80,0.00,0.00,0.00,0.00,0.00,1,1
300001590,0.00,5939.90,5939.90,0.00,0.00,0.00,0.00,0.00,1,1
300001592,1.00,8129.70,8129.70,0.00,0.00,0.00,0.00,0.00,1,1
300001594,1.00,148.10,151.10,0.00,0.00,0.00,0.00,0.00,1,1
300001597,5.00,1086.10,1107.90,0.00,0.00,0.00,0.00,0.00,1,1
300001599,2.00,715.80,730.20,0.00,0.00,0.00,0.00,0.00,1,1
300001603,1.00,24024.00,24024.00,0.00,0.00,0.00,0.00,0.00,1,1
300001609,12.00,1184.80,1208.60,0.00,0.00,0.00,0.00,0.00,1,1
300001610,1.00,394.90,402.90,0.00,0.00,0.00,0.00,0.00,1,1
300001611,1.00,1135.70,1135.70,0.00,0.00,0.00,0.00,0.00,1,1
300001613,0.00,1205.70,1205.70,0.00,0.00,0.00,0.00,0.00,1,1
300001616,24.00,43.00,46.50,0.00,0.00,0.00,0.00,0.00,1,1
300001617,6.00,304.90,304.90,0.00,0.00,0.00,0.00,0.00,1,1
300001618,6.00,1789.10,1789.10,0.00,0.00,0.00,0.00,0.00,1,1
300001621,9.00,46.20,49.90,0.00,0.00,0.00,0.00,0.00,1,1
300001622,7.00,106.00,114.60,0.00,0.00,0.00,0.00,0.00,1,1
300001624,0.00,1014.80,1014.80,0.00,0.00,0.00,0.00,0.00,1,1
300001627,1.00,10704.80,10704.80,0.00,0.00,0.00,0.00,0.00,1,1
300001628,4.00,253.90,259.00,0.00,0.00,0.00,0.00,0.00,1,1
300001629,2.00,123.40,125.90,0.00,0.00,0.00,0.00,0.00,1,1
300001630,0.00,23.70,23.70,0.00,0.00,0.00,0.00,0.00,1,1
300001635,1.00,810.70,810.70,0.00,0.00,0.00,0.00,0.00,1,1
300001639,9.00,1383.30,1383.30,0.00,0.00,0.00,0.00,0.00,1,1
300001640,9.00,27.90,27.90,0.00,0.00,0.00,0.00,0.00,1,1
300001643,4.00,170.10,170.10,0.00,0.00,0.00,0.00,0.00,1,1
300001646,9.00,145.30,157.10,0.00,0.00,0.00,0.00,0.00,1,1
300001648,25.00,23.10,24.90,0.00,0.00,0.00,0.00,0.00,1,1
300001652,1.00,128.10,128.10,0.00,0.00,0.00,0.00,0.00,1,1
300001654,1.00,1328.70,1328.70,0.00,0.00,0.00,0.00,0.00,1,1
300001655,0.00,98.30,98.30,0.00,0.00,0.00,0.00,0.00,1,1
300001657,0.00,1760.10,1760.10,0.00,0.00,0.00,0.00,0.00,1,1
300001661,2.00,963.00,1041.00,0.00,0.00,0.00,0.00,0.00,1,1
300001664,2.00,4876.70,4876.70,0.00,0.00,0.00,0.00,0.00,1,1
300001669,1.00,11650.60,11884.90,0.00,0.00,0.00,0.00,0.00,1,1
300001671,5.00,0.00,0.00,0.00,0.00,0.00,0.00,0.00,1,1
300001677,2.00,698.70,698.70,0.00,0.00,0.00,0.00,0.00,1,1
300001681,1.00,2591.80,2643.90,0.00,0.00,0.00,0.00,0.00,1,1
300001683,2.00,46.70,50.50,0.00,0.00,0.00,0.00,0.00,1,1
300001684,4.00,36.70,39.70,0.00,0.00,0.00,0.00,0.00,1,1
300001686,1.00,269.40,269.40,0.00,0.00,0.00,0.00,0.00,1,1
300001688,3.00,52.10,56.40,0.00,0.00,0.00,0.00,0.00,1,1
300001690,2.00,215.00,232.40,0.00,0.00,0.00,0.00,0.00,1,1
300001704,2.00,525.00,567.50,0.00,0.00,0.00,0.00,0.00,1,1
300001705,4.00,689.80,689.80,0.00,0.00,0.00,0.00,0.00,1,1
300001706,4.00,679.50,679.50,0.00,0.00,0.00,0.00,0.00,1,1
300001707,1.00,1.90,2.00,0.00,0.00,0.00,0.00,0.00,1,1
300001710,15.00,68.10,68.10,0.00,0.00,0.00,0.00,0.00,1,1
300001714,76.20,169.30,169.30,0.00,0.00,0.00,0.00,0.00,1,1
300001715,1.00,1834.30,1834.30,0.00,0.00,0.00,0.00,0.00,1,1
300001716,1.00,660.30,713.70,0.00,0.00,0.00,0.00,0.00,1,1
300001720,2.00,402.30,402.30,0.00,0.00,0.00,0.00,0.00,1,1
300001724,1.00,193.30,204.90,0.00,0.00,0.00,0.00,0.00,1,1
300001727,1.00,2898.60,2972.80,0.00,0.00,0.00,0.00,0.00,1,1
300001728,6.00,1150.50,1150.50,0.00,0.00,0.00,0.00,0.00,1,1
300001729,3.00,738.00,752.90,0.00,0.00,0.00,0.00,0.00,1,1
300001732,2.00,397.50,397.50,0.00,0.00,0.00,0.00,0.00,1,1
300001736,5.00,493.10,493.10,0.00,0.00,0.00,0.00,0.00,1,1
300001737,6.00,363.70,363.70,0.00,0.00,0.00,0.00,0.00,1,1
300001740,4.00,479.80,479.80,0.00,0.00,0.00,0.00,0.00,1,1
300001742,1.00,2919.70,2978.40,0.00,0.00,0.00,0.00,0.00,1,1
300001743,5.00,140.70,140.70,0.00,0.00,0.00,0.00,0.00,1,1
300001747,15.24,921.50,921.50,0.00,0.00,0.00,0.00,0.00,1,1
300001748,5.00,414.70,423.00,0.00,0.00,0.00,0.00,0.00,1,1
300001751,4.00,10753.40,10753.40,0.00,0.00,0.00,0.00,0.00,1,1
300001755,2.00,528.40,528.40,0.00,0.00,0.00,0.00,0.00,1,1
300001756,5.00,17.30,18.70,0.00,0.00,0.00,0.00,0.00,1,1
300001761,6.00,1198.90,1223.00,0.00,0.00,0.00,0.00,0.00,1,1
300001763,2.00,23893.70,24374.10,0.00,0.00,0.00,0.00,0.00,1,1
300001764,2.00,980.30,980.30,0.00,0.00,0.00,0.00,0.00,1,1
300001765,1.00,396.70,404.70,0.00,0.00,0.00,0.00,0.00,1,1
300001769,7.25,143.90,155.60,0.00,0.00,0.00,0.00,0.00,1,1
300001770,15.00,81.20,81.20,0.00,0.00,0.00,0.00,0.00,1,1
300001774,1.00,74.10,75.50,0.00,0.00,0.00,0.00,0.00,1,1
300001775,1.00,410.20,410.20,0.00,0.00,0.00,0.00,0.00,1,1
300001778,4.00,736.30,736.30,0.00,0.00,0.00,0.00,0.00,1,1
300001781,15.00,298.10,298.10,0.00,0.00,0.00,0.00,0.00,1,1
300001782,0.00,50.70,54.80,0.00,0.00,0.00,0.00,0.00,1,1
300001786,5.00,184.80,199.80,0.00,0.00,0.00,0.00,0.00,1,1
300001787,1.00,2778.40,3003.30,0.00,0.00,0.00,0.00,0.00,1,1
300001789,0.00,4570.00,4661.90,0.00,0.00,0.00,0.00,0.00,1,1
300001790,1.00,8096.20,8259.00,0.00,0.00,0.00,0.00,0.00,1,1
300001791,1.00,851.40,902.20,0.00,0.00,0.00,0.00,0.00,1,1
300001792,2.00,676.60,676.60,0.00,0.00,0.00,0.00,0.00,1,1
300001794,1.00,2623.50,2676.30,0.00,0.00,0.00,0.00,0.00,1,1
300001796,6.00,290.30,313.80,0.00,0.00,0.00,0.00,0.00,1,1
300001797,14.00,100.80,109.00,0.00,0.00,0.00,0.00,0.00,1,1
300001798,1.00,2192.50,2370.10,0.00,0.00,0.00,0.00,0.00,1,1
300001799,1.00,13553.30,13553.30,0.00,0.00,0.00,0.00,0.00,1,1
300001803,15.00,148.10,148.10,0.00,0.00,0.00,0.00,0.00,1,1
300001806,2.00,698.70,698.70,0.00,0.00,0.00,0.00,0.00,1,1
300001807,6.00,304.30,304.30,0.00,0.00,0.00,0.00,0.00,1,1
300001808,1.00,1.90,2.00,0.00,0.00,0.00,0.00,0.00,1,1
300001809,88.00,101.20,109.40,0.00,0.00,0.00,0.00,0.00,1,1
300001811,1.00,2068.40,2068.40,0.00,0.00,0.00,0.00,0.00,1,1
300001813,20.00,16.20,17.50,0.00,0.00,0.00,0.00,0.00,1,1
300001815,152.40,104.30,104.30,0.00,0.00,0.00,0.00,0.00,1,1
300001817,2.00,515.30,515.30,0.00,0.00,0.00,0.00,0.00,1,1
300001821,5.00,323.80,323.80,0.00,0.00,0.00,0.00,0.00,1,1
300001822,1.00,521.60,552.90,0.00,0.00,0.00,0.00,0.00,1,1
300001825,1.00,813.20,813.20,0.00,0.00,0.00,0.00,0.00,1,1
300001826,1.00,870.10,870.10,0.00,0.00,0.00,0.00,0.00,1,1
300001827,2.00,806.80,806.80,0.00,0.00,0.00,0.00,0.00,1,1
300001828,0.00,528.40,528.40,0.00,0.00,0.00,0.00,0.00,1,1
300001834,5.00,349.50,349.50,0.00,0.00,0.00,0.00,0.00,1,1
300001835,2.00,294.90,294.90,0.00,0.00,0.00,0.00,0.00,1,1
300001838,10.00,396.30,396.30,0.00,0.00,0.00,0.00,0.00,1,1
300001840,15.00,14.80,15.10,0.00,0.00,0.00,0.00,0.00,1,1
300001843,5.00,114.00,114.00,0.00,0.00,0.00,0.00,0.00,1,1
300001844,1.00,816.50,832.80,0.00,0.00,0.00,0.00,0.00,1,1
300001845,15.24,731.10,731.10,0.00,0.00,0.00,0.00,0.00,1,1
300001846,3.00,528.40,528.40,0.00,0.00,0.00,0.00,0.00,1,1
300001847,1.00,72.20,72.20,0.00,0.00,0.00,0.00,0.00,1,1
300001850,5.00,53.20,53.20,0.00,0.00,0.00,0.00,0.00,1,1
300001852,2.00,2142.50,2142.50,0.00,0.00,0.00,0.00,0.00,1,1
300001854,15.00,41.50,44.90,0.00,0.00,0.00,0.00,0.00,1,1
300001858,1.00,4390.10,4478.40,0.00,0.00,0.00,0.00,0.00,1,1
300001860,15.00,60.80,60.80,0.00,0.00,0.00,0.00,0.00,1,1
300001862,1.00,1130.90,1130.90,0.00,0.00,0.00,0.00,0.00,1,1
300001864,1.00,353.50,382.10,0.00,0.00,0.00,0.00,0.00,1,1
300001865,1.00,9.90,10.10,0.00,0.00,0.00,0.00,0.00,1,1
300001866,2.00,386.20,386.20,0.00,0.00,0.00,0.00,0.00,1,1
300001867,1.00,2788.50,2788.50,0.00,0.00,0.00,0.00,0.00,1,1
300001868,61.00,1355.40,1436.80,0.00,0.00,0.00,0.00,0.00,1,1
300001870,0.00,1061.40,1082.70,0.00,0.00,0.00,0.00,0.00,1,1
300001871,1.00,1534.80,1659.10,0.00,0.00,0.00,0.00,0.00,1,1
300001872,4.00,850.00,850.00,0.00,0.00,0.00,0.00,0.00,1,1
300001873,4.00,1025.30,1025.30,0.00,0.00,0.00,0.00,0.00,1,1
300001876,15.00,160.00,160.00,0.00,0.00,0.00,0.00,0.00,1,1
300001877,152.40,267.50,267.50,0.00,0.00,0.00,0.00,0.00,1,1
300001879,1.00,10477.00,10477.00,0.00,0.00,0.00,0.00,0.00,1,1
300001882,5.00,42.00,45.40,0.00,0.00,0.00,0.00,0.00,1,1
300001884,1.00,2172.30,2215.70,0.00,0.00,0.00,0.00,0.00,1,1
300001888,9.00,1885.90,1999.10,0.00,0.00,0.00,0.00,0.00,1,1
300001889,2.00,446.50,446.50,0.00,0.00,0.00,0.00,0.00,1,1
300001892,5.00,980.30,980.30,0.00,0.00,0.00,0.00,0.00,1,1
300001893,15.00,528.40,528.40,0.00,0.00,0.00,0.00,0.00,1,1
300001894,2.00,24.10,26.10,0.00,0.00,0.00,0.00,0.00,1,1
300001897,5.00,139.40,139.40,0.00,0.00,0.00,0.00,0.00,1,1
300001900,2.00,1016.00,1016.00,0.00,0.00,0.00,0.00,0.00,1,1
300001901,2.00,1368.60,1479.50,0.00,0.00,0.00,0.00,0.00,1,1
300001903,1.00,2236.30,2236.30,0.00,0.00,0.00,0.00,0.00,1,1
300001904,1.00,1808.60,1808.60,0.00,0.00,0.00,0.00,0.00,1,1
300001905,5.00,211.70,211.70,0.00,0.00,0.00,0.00,0.00,1,1
300001906,1.00,16351.20,16351.20,0.00,0.00,0.00,0.00,0.00,1,1
300001908,5.00,183.60,183.60,0.00,0.00,0.00,0.00,0.00,1,1
300001911,1.00,293240.50,299136.70,0.00,0.00,0.00,0.00,0.00,1,1
300001912,5.00,528.40,528.40,0.00,0.00,0.00,0.00,0.00,1,1
300001913,5.00,157.20,157.20,0.00,0.00,0.00,0.00,0.00,1,1
300001917,1.00,1369.60,1369.60,0.00,0.00,0.00,0.00,0.00,1,1
300001918,6.00,491.80,491.80,0.00,0.00,0.00,0.00,0.00,1,1
300001919,1.00,5120.10,5223.00,0.00,0.00,0.00,0.00,0.00,1,1
300001921,0.00,113.70,113.70,0.00,0.00,0.00,0.00,0.00,1,1
300001922,3.00,101.40,109.60,0.00,0.00,0.00,0.00,0.00,1,1
300001925,5.00,159.30,159.30,0.00,0.00,0.00,0.00,0.00,1,1
300001928,0.00,11662.60,11662.60,0.00,0.00,0.00,0.00,0.00,1,1
300001929,6.00,49.10,53.10,0.00,0.00,0.00,0.00,0.00,1,1
300001934,1.00,5390.83,5390.83,0.00,0.00,0.00,0.00,0.00,1,1
300001935,15.00,187.20,187.20,0.00,0.00,0.00,0.00,0.00,1,1
300001937,1.00,95.20,102.90,0.00,0.00,0.00,0.00,0.00,1,1
300001938,13.00,87.80,87.80,0.00,0.00,0.00,0.00,0.00,1,1
300001941,2.00,2138.40,2181.20,0.00,0.00,0.00,0.00,0.00,1,1
300001942,60.96,371.00,371.00,0.00,0.00,0.00,0.00,0.00,1,1
300001943,25.00,17.90,18.00,0.00,0.00,0.00,0.00,0.00,1,1
300001944,4.00,16.80,18.20,0.00,0.00,0.00,0.00,0.00,1,1
300001945,3.00,256.20,256.20,0.00,0.00,0.00,0.00,0.00,1,1
300001946,1.00,4840.60,4937.40,0.00,0.00,0.00,0.00,0.00,1,1
300001947,1.00,58.80,63.60,0.00,0.00,0.00,0.00,0.00,1,1
300001948,18.00,1513.78,1513.78,0.00,0.00,0.00,0.00,0.00,1,1
300001949,1.00,1963.00,1963.00,0.00,0.00,0.00,0.00,0.00,1,1
300001950,2.00,293.20,293.20,0.00,0.00,0.00,0.00,0.00,1,1
300001951,5.00,222.10,240.00,0.00,0.00,0.00,0.00,0.00,1,1
300001952,1.00,1770.10,1770.10,0.00,0.00,0.00,0.00,0.00,1,1
300001955,1.00,504.20,504.20,0.00,0.00,0.00,0.00,0.00,1,1
300001962,1.00,7119.20,7119.20,0.00,0.00,0.00,0.00,0.00,1,1
300001963,1.00,3436.90,3436.90,0.00,0.00,0.00,0.00,0.00,1,1
300001964,2.00,193.20,208.80,0.00,0.00,0.00,0.00,0.00,1,1
300001969,17.00,65.70,65.70,0.00,0.00,0.00,0.00,0.00,1,1
300001970,5.00,2327.30,2374.10,0.00,0.00,0.00,0.00,0.00,1,1
300001973,1.00,870.10,870.10,0.00,0.00,0.00,0.00,0.00,1,1
300001974,0.00,7871.80,7871.80,0.00,0.00,0.00,0.00,0.00,1,1
300001975,129.00,17.40,17.40,0.00,0.00,0.00,0.00,0.00,1,1
300001976,3.00,935.90,935.90,0.00,0.00,0.00,0.00,0.00,1,1
300001979,1.00,743.90,743.90,0.00,0.00,0.00,0.00,0.00,1,1
300001980,16.00,1152.90,1152.90,0.00,0.00,0.00,0.00,0.00,1,1
300001981,5.00,432.80,432.80,0.00,0.00,0.00,0.00,0.00,1,1
300001982,4.00,759.00,774.10,0.00,0.00,0.00,0.00,0.00,1,1
300001985,2.00,820.30,820.30,0.00,0.00,0.00,0.00,0.00,1,1
300001986,0.00,698.70,698.70,0.00,0.00,0.00,0.00,0.00,1,1
300001988,1.00,8635.70,8635.70,0.00,0.00,0.00,0.00,0.00,1,1
300001989,0.00,50.20,50.20,0.00,0.00,0.00,0.00,0.00,1,1
300001991,5.00,497.50,497.50,0.00,0.00,0.00,0.00,0.00,1,1
300001992,1.00,1184.80,1208.60,0.00,0.00,0.00,0.00,0.00,1,1
300001993,1.00,435.40,435.40,0.00,0.00,0.00,0.00,0.00,1,1
300001994,1.00,14318.30,14318.30,0.00,0.00,0.00,0.00,0.00,1,1
300001995,2.00,558.00,558.00,0.00,0.00,0.00,0.00,0.00,1,1
300001998,2.00,27358.70,27358.70,0.00,0.00,0.00,0.00,0.00,1,1
300001999,1.00,169.30,172.70,0.00,0.00,0.00,0.00,0.00,1,1
300002003,1.00,1152.60,1152.60,0.00,0.00,0.00,0.00,0.00,1,1
300002007,6.00,2530.20,2530.20,0.00,0.00,0.00,0.00,0.00,1,1
300002008,2.00,292.40,292.40,0.00,0.00,0.00,0.00,0.00,1,1
300002009,4.00,499.80,499.80,0.00,0.00,0.00,0.00,0.00,1,1
300002012,1.00,296.30,314.10,0.00,0.00,0.00,0.00,0.00,1,1
300002021,9.00,579.80,626.80,0.00,0.00,0.00,0.00,0.00,1,1
300002023,15.00,144.30,144.30,0.00,0.00,0.00,0.00,0.00,1,1
300002027,1.00,2054.90,2221.40,0.00,0.00,0.00,0.00,0.00,1,1
300002028,4.00,867.50,867.50,0.00,0.00,0.00,0.00,0.00,1,1
300002029,12.00,208.51,208.51,0.00,0.00,0.00,0.00,0.00,1,1
300002032,1.00,871.20,888.60,0.00,0.00,0.00,0.00,0.00,1,1
300002033,6.00,2529.30,2529.30,0.00,0.00,0.00,0.00,0.00,1,1
300002035,1.00,5099.70,5099.70,0.00,0.00,0.00,0.00,0.00,1,1
300002036,152.40,130.30,130.30,0.00,0.00,0.00,0.00,0.00,1,1
300002037,2.00,688.40,688.40,0.00,0.00,0.00,0.00,0.00,1,1
300002038,1.00,359.70,381.30,0.00,0.00,0.00,0.00,0.00,1,1
300002041,1.00,246.80,251.80,0.00,0.00,0.00,0.00,0.00,1,1
300002042,5.00,275.06,275.06,0.00,0.00,0.00,0.00,0.00,1,1
300002044,8.00,38.30,38.30,0.00,0.00,0.00,0.00,0.00,1,1
300002045,1.00,940.90,959.70,0.00,0.00,0.00,0.00,0.00,1,1
300002047,1.00,136.50,136.50,0.00,0.00,0.00,0.00,0.00,1,1
300002048,2.00,140.95,140.95,0.00,0.00,0.00,0.00,0.00,1,1
300002049,20.00,9.10,9.80,0.00,0.00,0.00,0.00,0.00,1,1
300002052,4.00,227.30,245.70,0.00,0.00,0.00,0.00,0.00,1,1
300002053,2.00,212.79,230.02,0.00,0.00,0.00,0.00,0.00,1,1
300002056,1.00,1415.41,1530.06,0.00,0.00,0.00,0.00,0.00,1,1
300002057,10.00,262.00,262.00,0.00,0.00,0.00,0.00,0.00,1,1
300002061,2.00,29.10,29.10,0.00,0.00,0.00,0.00,0.00,1,1
300002064,1.00,1184.81,1208.63,0.00,0.00,0.00,0.00,0.00,1,1
300002065,3.00,138.00,138.00,0.00,0.00,0.00,0.00,0.00,1,1
300002066,8.00,574.60,574.60,0.00,0.00,0.00,0.00,0.00,1,1
300002067,7.00,240.52,240.52,0.00,0.00,0.00,0.00,0.00,1,1
300002069,2.00,1039.54,1039.54,0.00,0.00,0.00,0.00,0.00,1,1
300002071,2.00,46.30,46.30,0.00,0.00,0.00,0.00,0.00,1,1
300002072,4.00,249.18,254.16,0.00,0.00,0.00,0.00,0.00,1,1
300002078,1.00,3697.10,3697.10,0.00,0.00,0.00,0.00,0.00,1,1
300002079,4.00,4.40,4.40,0.00,0.00,0.00,0.00,0.00,1,1
300002083,3.00,1187.00,1187.00,0.00,0.00,0.00,0.00,0.00,1,1
300002085,3.00,980.30,980.30,0.00,0.00,0.00,0.00,0.00,1,1
300002087,8.00,3.06,3.06,0.00,0.00,0.00,0.00,0.00,1,1
300002088,1.00,379.00,379.00,0.00,0.00,0.00,0.00,0.00,1,1
300002090,6.00,293.50,293.50,0.00,0.00,0.00,0.00,0.00,1,1
300002093,1.00,5664.90,5664.90,0.00,0.00,0.00,0.00,0.00,1,1
300002096,7.00,1769.10,1769.10,0.00,0.00,0.00,0.00,0.00,1,1
300002098,5.00,1594.40,1594.40,0.00,0.00,0.00,0.00,0.00,1,1
300002099,1.00,1271.10,1271.10,0.00,0.00,0.00,0.00,0.00,1,1
300002101,7.00,1594.41,1594.41,0.00,0.00,0.00,0.00,0.00,1,1
300002105,5.00,301.80,319.92,0.00,0.00,0.00,0.00,0.00,1,1
300002109,4.00,11947.50,11947.50,0.00,0.00,0.00,0.00,0.00,1,1
300002111,1.00,558.60,558.60,0.00,0.00,0.00,0.00,0.00,1,1
300002112,15.40,1653.99,1653.99,0.00,0.00,0.00,0.00,0.00,1,1
300002113,1.00,691.10,705.00,0.00,0.00,0.00,0.00,0.00,1,1
300002122,15.00,120.80,120.80,0.00,0.00,0.00,0.00,0.00,1,1
300002123,2.00,871.20,888.60,0.00,0.00,0.00,0.00,0.00,1,1
300002126,3.00,1203.70,1203.70,0.00,0.00,0.00,0.00,0.00,1,1
300002128,2.00,42.80,42.80,0.00,0.00,0.00,0.00,0.00,1,1
300002129,5.00,67.10,67.10,0.00,0.00,0.00,0.00,0.00,1,1
300002137,7.00,116.00,116.00,0.00,0.00,0.00,0.00,0.00,1,1
300002139,2.00,606.40,606.40,0.00,0.00,0.00,0.00,0.00,1,1
300002144,2.00,54.00,54.00,0.00,0.00,0.00,0.00,0.00,1,1
300002145,2.00,261.70,261.70,0.00,0.00,0.00,0.00,0.00,1,1
300002148,1.00,4705.80,4705.80,0.00,0.00,0.00,0.00,0.00,1,1
300002149,1.00,74.39,80.41,0.00,0.00,0.00,0.00,0.00,1,1
300002151,4.00,1058.40,1058.40,0.00,0.00,0.00,0.00,0.00,1,1
300002152,2.00,533.29,533.29,0.00,0.00,0.00,0.00,0.00,1,1
300002153,1.00,504.00,544.90,0.00,0.00,0.00,0.00,0.00,1,1
300002156,1.00,3151.20,3151.20,0.00,0.00,0.00,0.00,0.00,1,1
300002157,0.00,37.69,37.69,0.00,0.00,0.00,0.00,0.00,1,1
300002159,7.00,113.10,113.10,0.00,0.00,0.00,0.00,0.00,1,1
300002161,1.00,37.20,37.20,0.00,0.00,0.00,0.00,0.00,1,1
300002163,1.00,2784.80,2784.80,0.00,0.00,0.00,0.00,0.00,1,1
300002169,4.00,1901.80,1901.80,0.00,0.00,0.00,0.00,0.00,1,1
300002171,5.00,1128.19,1219.58,0.00,0.00,0.00,0.00,0.00,1,1
300002172,2.00,1972.70,1972.70,0.00,0.00,0.00,0.00,0.00,1,1
300002174,6.00,136.40,147.50,0.00,0.00,0.00,0.00,0.00,1,1
300002176,15.00,166.00,166.00,0.00,0.00,0.00,0.00,0.00,1,1
300002179,3.00,1472.70,1472.70,0.00,0.00,0.00,0.00,0.00,1,1
300002183,1.00,1573.40,1573.40,0.00,0.00,0.00,0.00,0.00,1,1
300002190,1.00,69.70,75.30,0.00,0.00,0.00,0.00,0.00,1,1
300002191,227.60,134.80,134.80,0.00,0.00,0.00,0.00,0.00,1,1
300002192,2.00,455.72,464.83,0.00,0.00,0.00,0.00,0.00,1,1
300002193,4.00,536.80,536.80,0.00,0.00,0.00,0.00,0.00,1,1
300002196,1.00,22.92,22.92,0.00,0.00,0.00,0.00,0.00,1,1
300002200,15.00,110.90,119.80,0.00,0.00,0.00,0.00,0.00,1,1
300002203,3.00,85.30,92.20,0.00,0.00,0.00,0.00,0.00,1,1
300002204,1.00,4838.00,4935.30,0.00,0.00,0.00,0.00,0.00,1,1
300002206,5.00,42.10,42.10,0.00,0.00,0.00,0.00,0.00,1,1
300002207,3.00,121.80,121.80,0.00,0.00,0.00,0.00,0.00,1,1
300002214,5.00,13910.60,14745.60,0.00,0.00,0.00,0.00,0.00,1,1
300002220,6.00,110.90,110.90,0.00,0.00,0.00,0.00,0.00,1,1
300002222,17.00,40.20,43.40,0.00,0.00,0.00,0.00,0.00,1,1
300002223,2.00,1328.45,1328.45,0.00,0.00,0.00,0.00,0.00,1,1
300002224,1.00,4393.70,4482.00,0.00,0.00,0.00,0.00,0.00,1,1
300002228,2.00,100.00,100.00,0.00,0.00,0.00,0.00,0.00,1,1
300002229,5.00,44.43,45.32,0.00,0.00,0.00,0.00,0.00,1,1
300002235,10.00,17.40,17.40,0.00,0.00,0.00,0.00,0.00,1,1
300002238,5.00,256.00,256.00,0.00,0.00,0.00,0.00,0.00,1,1
300002242,2.00,125.70,125.70,0.00,0.00,0.00,0.00,0.00,1,1
300002243,1.00,2200.40,2244.60,0.00,0.00,0.00,0.00,0.00,1,1
300002250,7.00,51.16,55.30,0.00,0.00,0.00,0.00,0.00,1,1
300002252,4.00,503.60,513.60,0.00,0.00,0.00,0.00,0.00,1,1
300002253,15.00,552.81,552.81,0.00,0.00,0.00,0.00,0.00,1,1
300002254,5.00,840.40,840.40,0.00,0.00,0.00,0.00,0.00,1,1
300002255,9.00,506.80,506.80,0.00,0.00,0.00,0.00,0.00,1,1
300002260,8.00,342.70,342.70,0.00,0.00,0.00,0.00,0.00,1,1
300002261,1.00,3254.70,3254.70,0.00,0.00,0.00,0.00,0.00,1,1
300002262,5.00,403.90,403.90,0.00,0.00,0.00,0.00,0.00,1,1
300002265,18.00,25.59,27.66,0.00,0.00,0.00,0.00,0.00,1,1
300002266,2.00,1223.10,1223.10,0.00,0.00,0.00,0.00,0.00,1,1
300002267,6.00,208.50,208.50,0.00,0.00,0.00,0.00,0.00,1,1
300002268,1.00,517.46,517.46,0.00,0.00,0.00,0.00,0.00,1,1
300002269,1.00,4472.90,4472.90,0.00,0.00,0.00,0.00,0.00,1,1
300002272,3.00,432.65,432.65,0.00,0.00,0.00,0.00,0.00,1,1
300002275,12.00,99.40,107.40,0.00,0.00,0.00,0.00,0.00,1,1
300002276,2.00,687.30,687.30,0.00,0.00,0.00,0.00,0.00,1,1
300002279,2.00,2352.05,2542.45,0.00,0.00,0.00,0.00,0.00,1,1
300002281,3.00,820.30,820.30,0.00,0.00,0.00,0.00,0.00,1,1
300002282,1.00,46250.10,46250.10,0.00,0.00,0.00,0.00,0.00,1,1
300002284,4.00,442.30,442.30,0.00,0.00,0.00,0.00,0.00,1,1
300002285,1.00,1233.68,1233.68,0.00,0.00,0.00,0.00,0.00,1,1
300002287,1.00,748.70,748.70,0.00,0.00,0.00,0.00,0.00,1,1
300002290,1.00,293.00,316.70,0.00,0.00,0.00,0.00,0.00,1,1
300002292,1.00,850.10,918.90,0.00,0.00,0.00,0.00,0.00,1,1
300002293,1.00,1066.19,1066.19,0.00,0.00,0.00,0.00,0.00,1,1
300002294,1.00,3601.00,3601.00,0.00,0.00,0.00,0.00,0.00,1,1
300002297,1.00,289.00,312.40,0.00,0.00,0.00,0.00,0.00,1,1
300002298,1.00,144.96,156.70,0.00,0.00,0.00,0.00,0.00,1,1
300002299,4.00,374.40,374.40,0.00,0.00,0.00,0.00,0.00,1,1
300002300,13.00,98.80,98.80,0.00,0.00,0.00,0.00,0.00,1,1
300002301,1.00,857.29,857.29,0.00,0.00,0.00,0.00,0.00,1,1
300002302,8.00,191.80,191.80,0.00,0.00,0.00,0.00,0.00,1,1
300002306,2.00,5350.01,5350.01,0.00,0.00,0.00,0.00,0.00,1,1
300002309,1.00,9527.80,9719.40,0.00,0.00,0.00,0.00,0.00,1,1
300002310,3.00,1233.90,1233.90,0.00,0.00,0.00,0.00,0.00,1,1
300002311,1.00,85.30,92.20,0.00,0.00,0.00,0.00,0.00,1,1
300002312,15.24,327.90,327.90,0.00,0.00,0.00,0.00,0.00,1,1
300002313,2.00,855.30,855.30,0.00,0.00,0.00,0.00,0.00,1,1
300002314,6.00,3115.30,3115.30,0.00,0.00,0.00,0.00,0.00,1,1
300002315,1.00,42.50,42.50,0.00,0.00,0.00,0.00,0.00,1,1
300002320,0.00,0.40,0.40,0.00,0.00,0.00,0.00,0.00,1,1
300002322,1.00,55.30,59.80,0.00,0.00,0.00,0.00,0.00,1,1
300002324,1.00,3587.20,3587.20,0.00,0.00,0.00,0.00,0.00,1,1
300002325,5.00,255.80,276.50,0.00,0.00,0.00,0.00,0.00,1,1
300002326,2.00,375.20,405.60,0.00,0.00,0.00,0.00,0.00,1,1
300002330,2.00,65.90,65.90,0.00,0.00,0.00,0.00,0.00,1,1
300002333,5.00,403.10,403.10,0.00,0.00,0.00,0.00,0.00,1,1
300002334,1.00,116.90,126.40,0.00,0.00,0.00,0.00,0.00,1,1
300002335,2.00,62.20,62.20,0.00,0.00,0.00,0.00,0.00,1,1
300002336,9.00,1143.20,1143.20,0.00,0.00,0.00,0.00,0.00,1,1
300002337,9.00,92.40,99.90,0.00,0.00,0.00,0.00,0.00,1,1
300002341,26.00,9.20,10.00,0.00,0.00,0.00,0.00,0.00,1,1
300002345,1.00,1209.50,1233.70,0.00,0.00,0.00,0.00,0.00,1,1
300002346,1.00,220.60,220.60,0.00,0.00,0.00,0.00,0.00,1,1
300002347,6.00,1374.80,1374.80,0.00,0.00,0.00,0.00,0.00,1,1
300002352,2.00,34039.90,35417.20,0.00,0.00,0.00,0.00,0.00,1,1
300002354,1.00,44107.30,47640.70,0.00,0.00,0.00,0.00,0.00,1,1
300002355,5.00,2646.60,2646.60,0.00,0.00,0.00,0.00,0.00,1,1
300002357,1.00,870.10,870.10,0.00,0.00,0.00,0.00,0.00,1,1
300002358,1.00,5767.60,5767.60,0.00,0.00,0.00,0.00,0.00,1,1
300002367,1.00,668.60,668.60,0.00,0.00,0.00,0.00,0.00,1,1
300002368,4.00,146.31,146.31,0.00,0.00,0.00,0.00,0.00,1,1
300002373,5.00,41.80,42.70,0.00,0.00,0.00,0.00,0.00,1,1
300002374,1.00,45071.30,45071.30,0.00,0.00,0.00,0.00,0.00,1,1
300002376,6.00,69.30,69.30,0.00,0.00,0.00,0.00,0.00,1,1
300002377,3.00,42.60,46.10,0.00,0.00,0.00,0.00,0.00,1,1
300002379,5.00,196.10,196.10,0.00,0.00,0.00,0.00,0.00,1,1
300002382,2.00,418.80,418.80,0.00,0.00,0.00,0.00,0.00,1,1
300002383,2.00,893.39,893.39,0.00,0.00,0.00,0.00,0.00,1,1
300002387,5.00,695.10,695.10,0.00,0.00,0.00,0.00,0.00,1,1
300002390,16.00,749.25,749.25,0.00,0.00,0.00,0.00,0.00,1,1
300002391,1.00,1154.40,1154.40,0.00,0.00,0.00,0.00,0.00,1,1
300002397,1.00,255.40,255.40,0.00,0.00,0.00,0.00,0.00,1,1
300002398,5.00,0.04,0.04,0.00,0.00,0.00,0.00,0.00,1,1
300002399,5.00,145.00,156.70,0.00,0.00,0.00,0.00,0.00,1,1
300002400,2.00,737.50,797.20,0.00,0.00,0.00,0.00,0.00,1,1
300002401,1.00,17095.10,17438.80,0.00,0.00,0.00,0.00,0.00,1,1
300002402,2.00,816.20,816.20,0.00,0.00,0.00,0.00,0.00,1,1
300002403,1.00,3451.92,3451.92,0.00,0.00,0.00,0.00,0.00,1,1
300002404,1.00,379.60,379.60,0.00,0.00,0.00,0.00,0.00,1,1
300002405,2.00,191.81,191.81,0.00,0.00,0.00,0.00,0.00,1,1
300002406,1.00,11910.60,11910.60,0.00,0.00,0.00,0.00,0.00,1,1
300002407,2.00,125.10,132.60,0.00,0.00,0.00,0.00,0.00,1,1
300002412,2.00,688.88,688.88,0.00,0.00,0.00,0.00,0.00,1,1
300002414,1.00,683.70,683.70,0.00,0.00,0.00,0.00,0.00,1,1
300002417,1.00,14.81,15.11,0.00,0.00,0.00,0.00,0.00,1,1
300002418,4.00,701.50,701.50,0.00,0.00,0.00,0.00,0.00,1,1
300002419,3.00,2558.00,2765.20,0.00,0.00,0.00,0.00,0.00,1,1
300002421,15.00,221.40,221.40,0.00,0.00,0.00,0.00,0.00,1,1
300002422,2.00,523.80,566.20,0.00,0.00,0.00,0.00,0.00,1,1
300002424,3.00,801.90,801.90,0.00,0.00,0.00,0.00,0.00,1,1
300002428,1.00,151.20,163.44,0.00,0.00,0.00,0.00,0.00,1,1
300002431,12.00,358.42,358.42,0.00,0.00,0.00,0.00,0.00,1,1
300002435,1.00,29.40,31.78,0.00,0.00,0.00,0.00,0.00,1,1
300002437,2.00,1607.61,1607.61,0.00,0.00,0.00,0.00,0.00,1,1
300002438,6.00,739.10,739.10,0.00,0.00,0.00,0.00,0.00,1,1
300002441,1.00,978.39,978.39,0.00,0.00,0.00,0.00,0.00,1,1
300002442,1.00,14318.30,14318.30,0.00,0.00,0.00,0.00,0.00,1,1
300002443,152.40,184.90,184.90,0.00,0.00,0.00,0.00,0.00,1,1
300002444,3.00,814.75,831.01,0.00,0.00,0.00,0.00,0.00,1,1
300002445,2.00,1052.70,1052.70,0.00,0.00,0.00,0.00,0.00,1,1
300002446,15.00,113.62,113.62,0.00,0.00,0.00,0.00,0.00,1,1
300002448,2.00,332.54,359.48,0.00,0.00,0.00,0.00,0.00,1,1
300002452,1.00,940.90,959.70,0.00,0.00,0.00,0.00,0.00,1,1
300002454,6.00,5935.71,5935.71,0.00,0.00,0.00,0.00,0.00,1,1
300002455,3.00,195.00,195.00,0.00,0.00,0.00,0.00,0.00,1,1
300002459,4.00,225.35,225.35,0.00,0.00,0.00,0.00,0.00,1,1
300002460,25.00,13.20,14.20,0.00,0.00,0.00,0.00,0.00,1,1
300002463,2.00,244.80,264.60,0.00,0.00,0.00,0.00,0.00,1,1
300002465,3.00,30.20,32.70,0.00,0.00,0.00,0.00,0.00,1,1
300002466,5.00,1976.00,1976.00,0.00,0.00,0.00,0.00,0.00,1,1
300002470,10.00,262.00,262.00,0.00,0.00,0.00,0.00,0.00,1,1
300002474,2.00,162.80,162.80,0.00,0.00,0.00,0.00,0.00,1,1
300002475,1.00,608.16,608.16,0.00,0.00,0.00,0.00,0.00,1,1
300002476,2.00,55.50,55.50,0.00,0.00,0.00,0.00,0.00,1,1
300002477,1.00,608.16,608.16,0.00,0.00,0.00,0.00,0.00,1,1
300002478,1.00,5070.53,5070.53,0.00,0.00,0.00,0.00,0.00,1,1
300002479,5.00,874.44,874.44,0.00,0.00,0.00,0.00,0.00,1,1
300002481,6.00,2702.20,2756.25,0.00,0.00,0.00,0.00,0.00,1,1
300002484,6.00,9384.59,9384.59,0.00,0.00,0.00,0.00,0.00,1,1
300002485,5.00,489.26,499.10,0.00,0.00,0.00,0.00,0.00,1,1
300002486,1.00,1959.76,1959.76,0.00,0.00,0.00,0.00,0.00,1,1
300002487,1.00,90.00,90.00,0.00,0.00,0.00,0.00,0.00,1,1
300002489,13.00,125.52,125.52,0.00,0.00,0.00,0.00,0.00,1,1
300002490,2.00,5514.60,5956.36,0.00,0.00,0.00,0.00,0.00,1,1
300002491,3.00,980.26,980.26,0.00,0.00,0.00,0.00,0.00,1,1
300002493,1.00,452.90,489.57,0.00,0.00,0.00,0.00,0.00,1,1
300002494,5.00,201.00,201.00,0.00,0.00,0.00,0.00,0.00,1,1
300002495,1.00,78260.00,84529.25,0.00,0.00,0.00,0.00,0.00,1,1
300002500,7.00,53.20,53.20,0.00,0.00,0.00,0.00,0.00,1,1
300002502,145.00,45.40,49.00,0.00,0.00,0.00,0.00,0.00,1,1
300002504,2.00,105.80,107.90,0.00,0.00,0.00,0.00,0.00,1,1
300002506,10.00,117.80,127.30,0.00,0.00,0.00,0.00,0.00,1,1
300002508,2.00,1431.60,1460.40,0.00,0.00,0.00,0.00,0.00,1,1
300002509,7.00,21.90,23.70,0.00,0.00,0.00,0.00,0.00,1,1
300002511,1.00,3356.80,3424.00,0.00,0.00,0.00,0.00,0.00,1,1
300002513,1.00,980.30,980.30,0.00,0.00,0.00,0.00,0.00,1,1
300002515,3.00,782.00,782.00,0.00,0.00,0.00,0.00,0.00,1,1
300002518,1.00,596.50,596.50,0.00,0.00,0.00,0.00,0.00,1,1
300002520,1.00,349.70,378.00,0.00,0.00,0.00,0.00,0.00,1,1
300002523,1.00,1073.60,1095.10,0.00,0.00,0.00,0.00,0.00,1,1
300002525,1.00,641.80,654.70,0.00,0.00,0.00,0.00,0.00,1,1
300002527,5.00,975.00,975.00,0.00,0.00,0.00,0.00,0.00,1,1
300002532,1.00,150.00,150.00,0.00,0.00,0.00,0.00,0.00,1,1
300002533,5.00,76.17,77.70,0.00,0.00,0.00,0.00,0.00,1,1
300002536,5.00,1123.00,1123.00,0.00,0.00,0.00,0.00,0.00,1,1
300002537,16.25,316.40,342.01,0.00,0.00,0.00,0.00,0.00,1,1
300002539,1.00,93.20,93.20,0.00,0.00,0.00,0.00,0.00,1,1
300002540,10.00,230.40,230.40,0.00,0.00,0.00,0.00,0.00,1,1
300002544,2.00,1515.60,1515.60,0.00,0.00,0.00,0.00,0.00,1,1
300002546,6.00,76.60,76.60,0.00,0.00,0.00,0.00,0.00,1,1
300002553,1.00,773.90,773.90,0.00,0.00,0.00,0.00,0.00,1,1
300002555,1.00,2482.21,2683.27,0.00,0.00,0.00,0.00,0.00,1,1
300002556,15.00,224.20,224.20,0.00,0.00,0.00,0.00,0.00,1,1
300002562,1.00,893.40,893.40,0.00,0.00,0.00,0.00,0.00,1,1
300002564,1.00,42.00,45.40,0.00,0.00,0.00,0.00,0.00,1,1
300002566,1.00,1058.40,1058.40,0.00,0.00,0.00,0.00,0.00,1,1
300002567,1.00,494.50,534.60,0.00,0.00,0.00,0.00,0.00,1,1
300002569,4.00,1256.30,1256.30,0.00,0.00,0.00,0.00,0.00,1,1
300002570,13.00,113.10,113.10,0.00,0.00,0.00,0.00,0.00,1,1
300002576,1.00,1156.10,1156.10,0.00,0.00,0.00,0.00,0.00,1,1
300002578,1.00,1448.20,1448.20,0.00,0.00,0.00,0.00,0.00,1,1
300002579,9.00,110.90,119.80,0.00,0.00,0.00,0.00,0.00,1,1
300002580,1.00,7256.90,7256.90,0.00,0.00,0.00,0.00,0.00,1,1
300002581,15.00,144.30,144.30,0.00,0.00,0.00,0.00,0.00,1,1
300002584,3.00,887.00,887.00,0.00,0.00,0.00,0.00,0.00,1,1
300002586,1.00,232.00,250.80,0.00,0.00,0.00,0.00,0.00,1,1
300002587,2.00,969.40,969.40,0.00,0.00,0.00,0.00,0.00,1,1
300002588,1.00,86.90,94.00,0.00,0.00,0.00,0.00,0.00,1,1
300002593,6.00,175.60,189.80,0.00,0.00,0.00,0.00,0.00,1,1
300002602,0.00,1809.47,1918.08,0.00,0.00,0.00,0.00,0.00,1,1
300002604,2.00,384.34,415.45,0.00,0.00,0.00,0.00,0.00,1,1
300002606,1.00,1141.30,1141.30,0.00,0.00,0.00,0.00,0.00,1,1
300002607,4.00,83.80,83.80,0.00,0.00,0.00,0.00,0.00,1,1
300002615,5.00,17353.60,18395.30,0.00,0.00,0.00,0.00,0.00,1,1
300002617,9.00,1017.30,1099.60,0.00,0.00,0.00,0.00,0.00,1,1
300002618,2.00,74.40,80.40,0.00,0.00,0.00,0.00,0.00,1,1
300002621,3.00,42.30,43.20,0.00,0.00,0.00,0.00,0.00,1,1
300002622,8.00,53.17,56.36,0.00,0.00,0.00,0.00,0.00,1,1
300002627,1.00,8302.00,8302.00,0.00,0.00,0.00,0.00,0.00,1,1
300002631,3.00,1867.50,1867.50,0.00,0.00,0.00,0.00,0.00,1,1
300002635,3.00,27364.20,27364.20,0.00,0.00,0.00,0.00,0.00,1,1
300002636,15.00,380.50,380.50,0.00,0.00,0.00,0.00,0.00,1,1
300002639,2.00,125.70,125.70,0.00,0.00,0.00,0.00,0.00,1,1
300002645,7.00,20.90,20.90,0.00,0.00,0.00,0.00,0.00,1,1
300002648,1.00,82.10,83.80,0.00,0.00,0.00,0.00,0.00,1,1
300002649,3.00,397.90,397.90,0.00,0.00,0.00,0.00,0.00,1,1
300002651,2.00,4420.42,4420.42,0.00,0.00,0.00,0.00,0.00,1,1
300002652,3.00,145.00,156.70,0.00,0.00,0.00,0.00,0.00,1,1
300002654,2.00,338.50,338.50,0.00,0.00,0.00,0.00,0.00,1,1
300002655,1.00,936.30,1012.10,0.00,0.00,0.00,0.00,0.00,1,1
300002656,2.00,472.60,472.60,0.00,0.00,0.00,0.00,0.00,1,1
300002657,10.00,36.50,39.50,0.00,0.00,0.00,0.00,0.00,1,1
300002658,4.00,595.40,595.40,0.00,0.00,0.00,0.00,0.00,1,1
300002659,5.00,438.00,438.00,0.00,0.00,0.00,0.00,0.00,1,1
300002662,1.00,3476.10,3476.10,0.00,0.00,0.00,0.00,0.00,1,1
300002663,6.00,44.10,44.10,0.00,0.00,0.00,0.00,0.00,1,1
300002664,1.00,4873.30,4873.30,0.00,0.00,0.00,0.00,0.00,1,1
300002667,1.00,891.80,891.80,0.00,0.00,0.00,0.00,0.00,1,1
300002670,9.00,299.20,299.20,0.00,0.00,0.00,0.00,0.00,1,1
300002674,4.00,820.00,820.00,0.00,0.00,0.00,0.00,0.00,1,1
300002676,3.00,414.30,414.30,0.00,0.00,0.00,0.00,0.00,1,1
300002677,1.00,75.60,81.70,0.00,0.00,0.00,0.00,0.00,1,1
300002678,5.00,0.04,0.04,0.00,0.00,0.00,0.00,0.00,1,1
300002679,8.00,292.40,292.40,0.00,0.00,0.00,0.00,0.00,1,1
300002681,38.00,185.30,185.30,0.00,0.00,0.00,0.00,0.00,1,1
300002682,1.00,1.90,2.00,0.00,0.00,0.00,0.00,0.00,1,1
300002684,1.00,157.20,157.20,0.00,0.00,0.00,0.00,0.00,1,1
300002689,2.00,1964.70,1964.70,0.00,0.00,0.00,0.00,0.00,1,1
300002690,5.00,93.60,93.60,0.00,0.00,0.00,0.00,0.00,1,1
300002692,1.00,3340.50,3541.10,0.00,0.00,0.00,0.00,0.00,1,1
300002701,1.00,1233.90,1233.90,0.00,0.00,0.00,0.00,0.00,1,1
300002702,3.00,1504.30,1626.20,0.00,0.00,0.00,0.00,0.00,1,1
300002704,4.00,113.80,113.80,0.00,0.00,0.00,0.00,0.00,1,1
300002705,228.60,120.80,120.80,0.00,0.00,0.00,0.00,0.00,1,1
300002706,3.00,354.60,354.60,0.00,0.00,0.00,0.00,0.00,1,1
300002707,2.00,4422.70,4422.70,0.00,0.00,0.00,0.00,0.00,1,1
300002708,1.00,33.90,33.90,0.00,0.00,0.00,0.00,0.00,1,1
300002713,5.00,4229.90,4229.90,0.00,0.00,0.00,0.00,0.00,1,1
300002720,1.00,64.90,70.20,0.00,0.00,0.00,0.00,0.00,1,1
300002722,1.00,4422.60,4422.60,0.00,0.00,0.00,0.00,0.00,1,1
300002723,1.00,76953.20,76953.20,0.00,0.00,0.00,0.00,0.00,1,1
300002724,2.00,1187.60,1187.60,0.00,0.00,0.00,0.00,0.00,1,1
300002725,3.00,611.30,611.30,0.00,0.00,0.00,0.00,0.00,1,1
300002727,2.00,409.30,442.40,0.00,0.00,0.00,0.00,0.00,1,1
300002730,6.00,127.20,137.50,0.00,0.00,0.00,0.00,0.00,1,1
300002732,2.00,509.80,509.80,0.00,0.00,0.00,0.00,0.00,1,1
300002733,2.00,1809.70,1809.70,0.00,0.00,0.00,0.00,0.00,1,1
300002734,1.00,702.70,744.90,0.00,0.00,0.00,0.00,0.00,1,1
300002738,2.00,207.10,207.10,0.00,0.00,0.00,0.00,0.00,1,1
300002739,1.00,932.40,988.40,0.00,0.00,0.00,0.00,0.00,1,1
300002740,1.00,3338.20,3338.20,0.00,0.00,0.00,0.00,0.00,1,1
300002741,2.00,26275.40,26275.40,0.00,0.00,0.00,0.00,0.00,1,1
300002743,2.00,55.40,59.90,0.00,0.00,0.00,0.00,0.00,1,1
300002745,60.96,445.40,445.40,0.00,0.00,0.00,0.00,0.00,1,1
300002747,10.00,109.90,109.90,0.00,0.00,0.00,0.00,0.00,1,1
300002748,6.00,928.90,928.90,0.00,0.00,0.00,0.00,0.00,1,1
300002753,1.00,2898.60,2972.80,0.00,0.00,0.00,0.00,0.00,1,1
300002754,3.00,149.20,149.20,0.00,0.00,0.00,0.00,0.00,1,1
300002755,9.00,73.80,79.70,0.00,0.00,0.00,0.00,0.00,1,1
300002758,0.00,48636.80,50604.70,0.00,0.00,0.00,0.00,0.00,1,1
300002763,4.00,483.50,483.50,0.00,0.00,0.00,0.00,0.00,1,1
300002766,1.00,5061.30,5061.30,0.00,0.00,0.00,0.00,0.00,1,1
300002767,2.00,13092.30,13092.30,0.00,0.00,0.00,0.00,0.00,1,1
300002773,2.00,3043.00,3043.00,0.00,0.00,0.00,0.00,0.00,1,1
300002775,3.00,150.80,153.90,0.00,0.00,0.00,0.00,0.00,1,1
300002776,81.00,62.40,67.50,0.00,0.00,0.00,0.00,0.00,1,1
300002777,20.00,67.90,67.90,0.00,0.00,0.00,0.00,0.00,1,1
300002779,67.50,14.80,16.00,0.00,0.00,0.00,0.00,0.00,1,1
300002782,1.00,1539.40,1664.00,0.00,0.00,0.00,0.00,0.00,1,1
300002783,11.00,61.10,61.10,0.00,0.00,0.00,0.00,0.00,1,1
300002784,8.00,11.80,12.70,0.00,0.00,0.00,0.00,0.00,1,1
300002785,5.00,168.20,168.20,0.00,0.00,0.00,0.00,0.00,1,1
300002786,1.00,2776.60,2776.60,0.00,0.00,0.00,0.00,0.00,1,1
300002787,2.00,1763.40,1906.20,0.00,0.00,0.00,0.00,0.00,1,1
300002788,2.00,209.80,209.80,0.00,0.00,0.00,0.00,0.00,1,1
300002789,4.00,203.10,203.10,0.00,0.00,0.00,0.00,0.00,1,1
300002790,2.00,424.00,424.00,0.00,0.00,0.00,0.00,0.00,1,1
300002794,3.00,374.40,374.40,0.00,0.00,0.00,0.00,0.00,1,1
300002795,1.00,515.40,515.40,0.00,0.00,0.00,0.00,0.00,1,1
300002799,1.00,45.40,49.00,0.00,0.00,0.00,0.00,0.00,1,1
300002802,3.00,255.40,255.40,0.00,0.00,0.00,0.00,0.00,1,1
300002803,9.00,316.20,316.20,0.00,0.00,0.00,0.00,0.00,1,1
300002804,124.00,293.10,293.10,0.00,0.00,0.00,0.00,0.00,1,1
300002805,4.00,567.00,567.00,0.00,0.00,0.00,0.00,0.00,1,1
300002806,1.00,80.00,80.00,0.00,0.00,0.00,0.00,0.00,1,1
300002807,2.00,9.90,10.10,0.00,0.00,0.00,0.00,0.00,1,1
300002808,2.00,490.80,490.80,0.00,0.00,0.00,0.00,0.00,1,1
300002812,1.00,826.30,826.30,0.00,0.00,0.00,0.00,0.00,1,1
300002813,3.00,511.60,553.00,0.00,0.00,0.00,0.00,0.00,1,1
300002815,15.00,138.00,138.00,0.00,0.00,0.00,0.00,0.00,1,1
300002816,8.00,767.40,829.50,0.00,0.00,0.00,0.00,0.00,1,1
300002817,1.00,1950.00,1950.00,0.00,0.00,0.00,0.00,0.00,1,1
300002819,1.00,1112.80,1112.80,0.00,0.00,0.00,0.00,0.00,1,1
300002821,3.00,1450.30,1450.30,0.00,0.00,0.00,0.00,0.00,1,1
300002825,3.00,571.20,582.70,0.00,0.00,0.00,0.00,0.00,1,1
300002828,1.00,259.80,259.80,0.00,0.00,0.00,0.00,0.00,1,1
300002830,14.00,11.30,12.20,0.00,0.00,0.00,0.00,0.00,1,1
300002831,15.24,1239.60,1239.60,0.00,0.00,0.00,0.00,0.00,1,1
300002832,2.00,1627.00,1627.00,0.00,0.00,0.00,0.00,0.00,1,1
300002835,1.00,940.90,959.70,0.00,0.00,0.00,0.00,0.00,1,1
300002837,1.00,14563.30,14856.10,0.00,0.00,0.00,0.00,0.00,1,1
300002839,3.00,61.40,66.30,0.00,0.00,0.00,0.00,0.00,1,1
300002844,1.00,311.30,311.30,0.00,0.00,0.00,0.00,0.00,1,1
300002846,2.00,23381.80,23381.80,0.00,0.00,0.00,0.00,0.00,1,1
300002847,72.40,24.97,24.97,0.00,0.00,0.00,0.00,0.00,1,1
300002849,6.00,201.70,218.10,0.00,0.00,0.00,0.00,0.00,1,1
300002852,10.00,5986.70,5986.70,0.00,0.00,0.00,0.00,0.00,1,1
300002855,9.00,24.20,24.20,0.00,0.00,0.00,0.00,0.00,1,1
300002856,204.80,40.00,40.00,0.00,0.00,0.00,0.00,0.00,1,1
300002857,-152.40,29.40,29.40,0.00,0.00,0.00,0.00,0.00,1,1
300002862,3.00,123103.60,123103.60,0.00,0.00,0.00,0.00,0.00,1,1
300002864,279.90,25.00,25.00,0.00,0.00,0.00,0.00,0.00,1,1
300002865,-152.40,18.40,18.40,0.00,0.00,0.00,0.00,0.00,1,1
300002869,1.00,5807.70,6277.80,0.00,0.00,0.00,0.00,0.00,1,1
300002887,1.00,1680.50,1680.50,0.00,0.00,0.00,0.00,0.00,1,1
300002890,2.00,8412.50,8412.50,0.00,0.00,0.00,0.00,0.00,1,1
300002893,1.00,663.60,711.60,0.00,0.00,0.00,0.00,0.00,1,1
300002894,9.00,8502.90,8502.90,0.00,0.00,0.00,0.00,0.00,1,1
300002895,0.00,6371.90,6371.90,0.00,0.00,0.00,0.00,0.00,1,1
300002896,10.00,5732.60,5732.60,0.00,0.00,0.00,0.00,0.00,1,1
300002910,16.00,18500.00,36532.44,0.00,0.00,0.00,0.00,0.00,1,1
300002914,0.00,25.20,27.20,0.00,0.00,0.00,0.00,0.00,1,1
300002915,10.00,1372.90,1372.90,0.00,0.00,0.00,0.00,0.00,1,1
300002916,1.00,772.80,835.40,0.00,0.00,0.00,0.00,0.00,1,1
300002917,1.00,1961.11,2119.96,0.00,0.00,0.00,0.00,0.00,1,1
300002918,1.00,207.34,211.51,0.00,0.00,0.00,0.00,0.00,1,1
300002919,4.00,1637.10,1769.71,0.00,0.00,0.00,0.00,0.00,1,1
300002920,1.00,171.30,185.20,0.00,0.00,0.00,0.00,0.00,1,1
300002921,2.00,198.24,214.29,0.00,0.00,0.00,0.00,0.00,1,1
300002924,2.00,553.17,553.17,0.00,0.00,0.00,0.00,0.00,1,1
300002925,3.00,557.60,557.60,0.00,0.00,0.00,0.00,0.00,1,1
300002926,10.00,7.80,8.20,0.00,0.00,0.00,0.00,0.00,1,1
300002927,1.00,687.34,687.34,0.00,0.00,0.00,0.00,0.00,1,1
300002928,1.00,1963.60,1963.60,0.00,0.00,0.00,0.00,0.00,1,1
300002929,11.00,1712.00,1712.00,0.00,0.00,0.00,0.00,0.00,1,1
300002930,2.00,55.80,55.80,0.00,0.00,0.00,0.00,0.00,1,1
300002931,5.00,292.86,292.86,0.00,0.00,0.00,0.00,0.00,1,1
300002932,3.00,37.60,37.60,0.00,0.00,0.00,0.00,0.00,1,1
300002933,7.00,1297.70,1297.70,0.00,0.00,0.00,0.00,0.00,1,1
300002934,5.00,94.90,94.90,0.00,0.00,0.00,0.00,0.00,1,1
300002935,8.00,91.20,91.20,0.00,0.00,0.00,0.00,0.00,1,1
300002936,8.00,542.40,542.40,0.00,0.00,0.00,0.00,0.00,1,1
300002937,1.00,1234.00,1234.00,0.00,0.00,0.00,0.00,0.00,1,1
300002938,1.00,2600.50,2600.50,0.00,0.00,0.00,0.00,0.00,1,1
300002939,1.00,4822.00,4822.00,0.00,0.00,0.00,0.00,0.00,1,1
300002940,2.00,4169.50,4252.80,0.00,0.00,0.00,0.00,0.00,1,1
300002941,1.00,39990.10,40788.40,0.00,0.00,0.00,0.00,0.00,1,1
300002942,1.00,592.50,604.50,0.00,0.00,0.00,0.00,0.00,1,1
300002943,1.00,1468.60,1468.60,0.00,0.00,0.00,0.00,0.00,1,1
300002944,1.00,3336.80,3336.80,0.00,0.00,0.00,0.00,0.00,1,1
300002945,6.00,1368.52,1368.52,0.00,0.00,0.00,0.00,0.00,1,1
300002946,1.00,61.15,66.10,0.00,0.00,0.00,0.00,0.00,1,1
300002947,1.00,395.35,427.35,0.00,0.00,0.00,0.00,0.00,1,1
300002948,2.00,134.90,134.90,0.00,0.00,0.00,0.00,0.00,1,1
300002949,21.00,17.10,18.40,0.00,0.00,0.00,0.00,0.00,1,1
300002950,1.00,318.50,337.60,0.00,0.00,0.00,0.00,0.00,1,1
300002951,3.00,10792.10,10792.10,0.00,0.00,0.00,0.00,0.00,1,1
300002952,2.00,338.50,338.50,0.00,0.00,0.00,0.00,0.00,1,1
300002953,1.00,68463.90,73948.40,0.00,0.00,0.00,0.00,0.00,1,1
300002954,2.00,46.32,46.32,0.00,0.00,0.00,0.00,0.00,1,1
300002955,12.00,817.90,817.90,0.00,0.00,0.00,0.00,0.00,1,1
300002956,3.00,820.00,820.00,0.00,0.00,0.00,0.00,0.00,1,1
300002957,1.00,501.36,531.45,0.00,0.00,0.00,0.00,0.00,1,1
300002958,6.00,28.29,28.29,0.00,0.00,0.00,0.00,0.00,1,1
300002959,5.00,3741.00,3741.00,0.00,0.00,0.00,0.00,0.00,1,1
300002960,1.00,239.50,239.50,0.00,0.00,0.00,0.00,0.00,1,1
300002961,13.00,29.50,29.50,0.00,0.00,0.00,0.00,0.00,1,1
300002962,4.00,820.00,820.00,0.00,0.00,0.00,0.00,0.00,1,1
300002963,6.00,17.40,17.40,0.00,0.00,0.00,0.00,0.00,1,1
300002964,4.00,64.80,64.80,0.00,0.00,0.00,0.00,0.00,1,1
300002965,1.00,136.42,147.48,0.00,0.00,0.00,0.00,0.00,1,1
300002966,3.00,2244.65,2244.65,0.00,0.00,0.00,0.00,0.00,1,1
300002967,1.00,18.31,18.31,0.00,0.00,0.00,0.00,0.00,1,1
300002968,8.00,191.81,191.81,0.00,0.00,0.00,0.00,0.00,1,1
300002969,1.00,32.47,32.47,0.00,0.00,0.00,0.00,0.00,1,1
300002970,1.00,30.40,30.40,0.00,0.00,0.00,0.00,0.00,1,1
300002971,3.00,196.40,196.40,0.00,0.00,0.00,0.00,0.00,1,1
300002972,2.00,700.90,700.90,0.00,0.00,0.00,0.00,0.00,1,1
300002973,1.00,1902.70,1951.40,0.00,0.00,0.00,0.00,0.00,1,1
300002974,3.00,528.40,528.40,0.00,0.00,0.00,0.00,0.00,1,1
300002975,1.00,604.00,604.00,0.00,0.00,0.00,0.00,0.00,1,1
300002976,2.00,27012.30,29039.60,0.00,0.00,0.00,0.00,0.00,1,1
300002977,3.00,338.50,345.30,0.00,0.00,0.00,0.00,0.00,1,1
300002978,0.00,196.92,196.92,0.00,0.00,0.00,0.00,0.00,1,1
300002988,0.00,2122.88,2165.34,0.00,0.00,0.00,0.00,0.00,1,1
300002989,0.00,1777.30,1812.80,0.00,0.00,0.00,0.00,0.00,1,1
300002990,0.00,1916.50,1916.50,0.00,0.00,0.00,0.00,0.00,1,1
300002991,1.00,887.20,887.20,0.00,0.00,0.00,0.00,0.00,1,1
300002992,0.00,2093.90,2093.90,0.00,0.00,0.00,0.00,0.00,1,1
300002993,0.00,1543.80,1543.80,0.00,0.00,0.00,0.00,0.00,1,1
300002994,457.20,79.90,79.90,0.00,0.00,0.00,0.00,0.00,1,1
300002996,750.00,30.90,30.90,0.00,0.00,0.00,0.00,0.00,1,1
300002997,1.00,3144.60,3452.60,0.00,0.00,0.00,0.00,0.00,1,1
300002998,0.00,80.00,80.00,0.00,0.00,0.00,0.00,0.00,1,1
300002999,0.00,80.00,80.00,0.00,0.00,0.00,0.00,0.00,1,1
300003000,0.00,15.00,15.00,0.00,0.00,0.00,0.00,0.00,1,1
300003001,0.00,50.00,50.00,0.00,0.00,0.00,0.00,0.00,1,1
300003003,5.00,47975.40,50728.82,0.00,0.00,0.00,0.00,0.00,1,1
300003004,30.00,774.40,818.85,0.00,0.00,0.00,0.00,0.00,1,1
300003005,2.00,272.40,272.40,0.00,0.00,0.00,0.00,0.00,1,1
300003006,1.00,123.10,123.10,0.00,0.00,0.00,0.00,0.00,1,1
300003007,1.00,8152.30,8315.30,0.00,0.00,0.00,0.00,0.00,1,1
